alias_id,product_id,alias,language,alias_type,scope
A-00001,KAIDA-P0001,мясо говядины,ru,LEGACY_ALIAS,GLOBAL
A-00002,KAIDA-P0001,говяжье мясо,ru,LEGACY_ALIAS,GLOBAL
A-00003,KAIDA-P0002,мясо телёнка,ru,LEGACY_ALIAS,GLOBAL
A-00004,KAIDA-P0003,вырезка говядины,ru,LEGACY_ALIAS,GLOBAL
A-00005,KAIDA-P0004,филе говядины,ru,LEGACY_ALIAS,GLOBAL
A-00006,KAIDA-P0005,мякоть говядины,ru,LEGACY_ALIAS,GLOBAL
A-00007,KAIDA-P0006,шея говядины,ru,LEGACY_ALIAS,GLOBAL
A-00008,KAIDA-P0007,лопатка говядины,ru,LEGACY_ALIAS,GLOBAL
A-00009,KAIDA-P0008,грудинка говядины,ru,LEGACY_ALIAS,GLOBAL
A-00010,KAIDA-P0009,ребра говядины,ru,LEGACY_ALIAS,GLOBAL
A-00011,KAIDA-P0010,корейка говядины,ru,LEGACY_ALIAS,GLOBAL
A-00012,KAIDA-P0011,голяшка говядины,ru,LEGACY_ALIAS,GLOBAL
A-00013,KAIDA-P0012,рулька говядины,ru,LEGACY_ALIAS,GLOBAL
A-00014,KAIDA-P0013,кострец говядины,ru,LEGACY_ALIAS,GLOBAL
A-00015,KAIDA-P0014,огузок говядины,ru,LEGACY_ALIAS,GLOBAL
A-00016,KAIDA-P0015,пашина говядины,ru,LEGACY_ALIAS,GLOBAL
A-00017,KAIDA-P0017,стейк рибай,ru,LEGACY_ALIAS,GLOBAL
A-00018,KAIDA-P0018,стейк стриплойн,ru,LEGACY_ALIAS,GLOBAL
A-00019,KAIDA-P0019,стейк томагавк,ru,LEGACY_ALIAS,GLOBAL
A-00020,KAIDA-P0020,стейк из говядины,ru,LEGACY_ALIAS,GLOBAL
A-00021,KAIDA-P0022,кость говяжья,ru,LEGACY_ALIAS,GLOBAL
A-00022,KAIDA-P0023,сахарная кость,ru,LEGACY_ALIAS,GLOBAL
A-00023,KAIDA-P0024,фарш говяжий,ru,LEGACY_ALIAS,GLOBAL
A-00024,KAIDA-P0025,смешанный фарш говядина баранина,ru,LEGACY_ALIAS,GLOBAL
A-00025,KAIDA-P0031,мясо барана,ru,LEGACY_ALIAS,GLOBAL
A-00026,KAIDA-P0031,баранье мясо,ru,LEGACY_ALIAS,GLOBAL
A-00027,KAIDA-P0032,мясо ягнёнка,ru,LEGACY_ALIAS,GLOBAL
A-00028,KAIDA-P0033,козье мясо,ru,LEGACY_ALIAS,GLOBAL
A-00029,KAIDA-P0039,ребра баранина,ru,LEGACY_ALIAS,GLOBAL
A-00030,KAIDA-P0041,баранья задняя нога,ru,LEGACY_ALIAS,GLOBAL
A-00031,KAIDA-P0045,фарш баранина,ru,LEGACY_ALIAS,GLOBAL
A-00032,KAIDA-P0046,курдючный жир,ru,LEGACY_ALIAS,GLOBAL
A-00033,KAIDA-P0046,бараний курдюк,ru,LEGACY_ALIAS,GLOBAL
A-00034,KAIDA-P0047,бараний жир,ru,LEGACY_ALIAS,GLOBAL
A-00035,KAIDA-P0056,конское мясо,ru,LEGACY_ALIAS,GLOBAL
A-00036,KAIDA-P0057,конина жая,ru,LEGACY_ALIAS,GLOBAL
A-00037,KAIDA-P0058,казы,ru,LEGACY_ALIAS,GLOBAL
A-00038,KAIDA-P0059,шужук,ru,LEGACY_ALIAS,GLOBAL
A-00039,KAIDA-P0059,шұжық,ru,LEGACY_ALIAS,GLOBAL
A-00040,KAIDA-P0060,конская карта,ru,LEGACY_ALIAS,GLOBAL
A-00041,KAIDA-P0060,қарта,ru,LEGACY_ALIAS,GLOBAL
A-00042,KAIDA-P0061,конский жал,ru,LEGACY_ALIAS,GLOBAL
A-00043,KAIDA-P0069,сүрленген ет,ru,LEGACY_ALIAS,GLOBAL
A-00044,KAIDA-P0069,вяленая конина,ru,LEGACY_ALIAS,GLOBAL
A-00045,KAIDA-P0070,свиное мясо,ru,LEGACY_ALIAS,GLOBAL
A-00046,KAIDA-P0079,свиное сало,ru,LEGACY_ALIAS,GLOBAL
A-00047,KAIDA-P0080,мясо кролика,ru,LEGACY_ALIAS,GLOBAL
A-00049,KAIDA-P0084,мясо марала,ru,LEGACY_ALIAS,GLOBAL
A-00050,KAIDA-P0085,мясо верблюда,ru,LEGACY_ALIAS,GLOBAL
A-00052,KAIDA-P0087,куриное мясо,ru,LEGACY_ALIAS,GLOBAL
A-00053,KAIDA-P0089,филе курицы,ru,LEGACY_ALIAS,GLOBAL
A-00054,KAIDA-P0089,куриная грудка без кости,ru,LEGACY_ALIAS,GLOBAL
A-00055,KAIDA-P0093,куриные крылышки,ru,LEGACY_ALIAS,GLOBAL
A-00056,KAIDA-P0098,цыпленок,ru,LEGACY_ALIAS,GLOBAL
A-00057,KAIDA-P0100,мясо индейки,ru,LEGACY_ALIAS,GLOBAL
A-00058,KAIDA-P0107,утиное мясо,ru,LEGACY_ALIAS,GLOBAL
A-00059,KAIDA-P0110,гусиное мясо,ru,LEGACY_ALIAS,GLOBAL
A-00060,KAIDA-P0112,перепёлка,ru,LEGACY_ALIAS,GLOBAL
A-00061,KAIDA-P0120,требуха говяжья,ru,LEGACY_ALIAS,GLOBAL
A-00062,KAIDA-P0131,баранья башка,ru,LEGACY_ALIAS,GLOBAL
A-00063,KAIDA-P0132,бараньи ножки,ru,LEGACY_ALIAS,GLOBAL
A-00064,KAIDA-P0140,куриные пупки,ru,LEGACY_ALIAS,GLOBAL
A-00065,KAIDA-P0146,карп обыкновенный,ru,LEGACY_ALIAS,GLOBAL
A-00066,KAIDA-P0152,речной окунь,ru,LEGACY_ALIAS,GLOBAL
A-00068,KAIDA-P0163,радужная форель,ru,LEGACY_ALIAS,GLOBAL
A-00069,KAIDA-P0164,речная форель,ru,LEGACY_ALIAS,GLOBAL
A-00070,KAIDA-P0165,озерная форель,ru,LEGACY_ALIAS,GLOBAL
A-00071,KAIDA-P0170,угорь,ru,LEGACY_ALIAS,GLOBAL
A-00072,KAIDA-P0173,семга,ru,LEGACY_ALIAS,GLOBAL
A-00073,KAIDA-P0173,лосось атлантический,ru,LEGACY_ALIAS,GLOBAL
A-00074,KAIDA-P0174,лосось,ru,LEGACY_ALIAS,GLOBAL
A-00075,KAIDA-P0187,хамса,ru,LEGACY_ALIAS,GLOBAL
A-00076,KAIDA-P0191,мерлуза,ru,LEGACY_ALIAS,GLOBAL
A-00077,KAIDA-P0195,дорада,ru,LEGACY_ALIAS,GLOBAL
A-00078,KAIDA-P0196,лаврак,ru,LEGACY_ALIAS,GLOBAL
A-00079,KAIDA-P0197,желтохвост,ru,LEGACY_ALIAS,GLOBAL
A-00080,KAIDA-P0197,yellowtail,ru,LEGACY_ALIAS,GLOBAL
A-00081,KAIDA-P0197,хамачи,ru,LEGACY_ALIAS,GLOBAL
A-00082,KAIDA-P0197,hamachi,ru,LEGACY_ALIAS,GLOBAL
A-00085,KAIDA-P0209,эсколар,ru,LEGACY_ALIAS,GLOBAL
A-00086,KAIDA-P0217,креветки,ru,LEGACY_ALIAS,GLOBAL
A-00087,KAIDA-P0218,тигровые креветки,ru,LEGACY_ALIAS,GLOBAL
A-00088,KAIDA-P0219,королевские креветки,ru,LEGACY_ALIAS,GLOBAL
A-00089,KAIDA-P0222,крабы,ru,LEGACY_ALIAS,GLOBAL
A-00090,KAIDA-P0225,омар,ru,LEGACY_ALIAS,GLOBAL
A-00091,KAIDA-P0227,раки,ru,LEGACY_ALIAS,GLOBAL
A-00092,KAIDA-P0228,мидия,ru,LEGACY_ALIAS,GLOBAL
A-00093,KAIDA-P0229,устрица,ru,LEGACY_ALIAS,GLOBAL
A-00094,KAIDA-P0230,гребешок,ru,LEGACY_ALIAS,GLOBAL
A-00096,KAIDA-P0237,коктейль из морепродуктов,ru,LEGACY_ALIAS,GLOBAL
A-00098,KAIDA-P0240,ламинария,ru,LEGACY_ALIAS,GLOBAL
A-00099,KAIDA-P0252,икра лососевая,ru,LEGACY_ALIAS,GLOBAL
A-00100,KAIDA-P0256,икра осетровая,ru,LEGACY_ALIAS,GLOBAL
A-00101,KAIDA-P0264,суповой набор рыбный,ru,LEGACY_ALIAS,GLOBAL
A-00103,KAIDA-P0270,топленое молоко,ru,LEGACY_ALIAS,GLOBAL
A-00104,KAIDA-P0276,каймак,ru,LEGACY_ALIAS,GLOBAL
A-00105,KAIDA-P0285,кымыз,ru,LEGACY_ALIAS,GLOBAL
A-00106,KAIDA-P0286,шұбат,ru,LEGACY_ALIAS,GLOBAL
A-00107,KAIDA-P0291,сыворотка,ru,LEGACY_ALIAS,GLOBAL
A-00108,KAIDA-P0292,сливочное масло,ru,LEGACY_ALIAS,GLOBAL
A-00109,KAIDA-P0293,гхи,ru,LEGACY_ALIAS,GLOBAL
A-00110,KAIDA-P0293,масло гхи,ru,LEGACY_ALIAS,GLOBAL
A-00111,KAIDA-P0294,сгущенка,ru,LEGACY_ALIAS,GLOBAL
A-00112,KAIDA-P0298,пломбир,ru,LEGACY_ALIAS,GLOBAL
A-00113,KAIDA-P0299,твердый сыр,ru,LEGACY_ALIAS,GLOBAL
A-00114,KAIDA-P0330,сыр косичка,ru,LEGACY_ALIAS,GLOBAL
A-00115,KAIDA-P0332,сливочный сыр,ru,LEGACY_ALIAS,GLOBAL
A-00116,KAIDA-P0333,құрт,ru,LEGACY_ALIAS,GLOBAL
A-00117,KAIDA-P0335,бал каймак,ru,LEGACY_ALIAS,GLOBAL
A-00118,KAIDA-P0335,балқаймақ,ru,LEGACY_ALIAS,GLOBAL
A-00119,KAIDA-P0336,яйца,ru,LEGACY_ALIAS,GLOBAL
A-00122,KAIDA-P0346,сладкий картофель,ru,LEGACY_ALIAS,GLOBAL
A-00123,KAIDA-P0348,свекла,ru,LEGACY_ALIAS,GLOBAL
A-00125,KAIDA-P0354,корень сельдерея,ru,LEGACY_ALIAS,GLOBAL
A-00126,KAIDA-P0355,хрен,ru,LEGACY_ALIAS,GLOBAL
A-00127,KAIDA-P0356,имбирь,ru,LEGACY_ALIAS,GLOBAL
A-00129,KAIDA-P0359,лук,ru,LEGACY_ALIAS,GLOBAL
A-00130,KAIDA-P0366,томат,ru,LEGACY_ALIAS,GLOBAL
A-00131,KAIDA-P0366,помидоры,ru,LEGACY_ALIAS,GLOBAL
A-00132,KAIDA-P0368,черри,ru,LEGACY_ALIAS,GLOBAL
A-00133,KAIDA-P0370,огурцы,ru,LEGACY_ALIAS,GLOBAL
A-00134,KAIDA-P0372,болгарский перец,ru,LEGACY_ALIAS,GLOBAL
A-00135,KAIDA-P0374,чили свежий,ru,LEGACY_ALIAS,GLOBAL
A-00136,KAIDA-P0382,кукуруза в початках,ru,LEGACY_ALIAS,GLOBAL
A-00138,KAIDA-P0386,капуста,ru,LEGACY_ALIAS,GLOBAL
A-00139,KAIDA-P0396,кориандр зелень,ru,LEGACY_ALIAS,GLOBAL
A-00140,KAIDA-P0397,базилик,ru,LEGACY_ALIAS,GLOBAL
A-00142,KAIDA-P0402,чабрец свежий,ru,LEGACY_ALIAS,GLOBAL
A-00143,KAIDA-P0415,микрогрин,ru,LEGACY_ALIAS,GLOBAL
A-00145,KAIDA-P0418,шампиньон,ru,LEGACY_ALIAS,GLOBAL
A-00146,KAIDA-P0419,вешенка,ru,LEGACY_ALIAS,GLOBAL
A-00147,KAIDA-P0420,боровики,ru,LEGACY_ALIAS,GLOBAL
A-00148,KAIDA-P0429,королевская вешенка,ru,LEGACY_ALIAS,GLOBAL
A-00149,KAIDA-P0430,древесные грибы,ru,LEGACY_ALIAS,GLOBAL
A-00150,KAIDA-P0432,яблоки,ru,LEGACY_ALIAS,GLOBAL
A-00151,KAIDA-P0433,апорт,ru,LEGACY_ALIAS,GLOBAL
A-00152,KAIDA-P0437,груши,ru,LEGACY_ALIAS,GLOBAL
A-00153,KAIDA-P0448,инжир,ru,LEGACY_ALIAS,GLOBAL
A-00154,KAIDA-P0466,пассифлора фрукт,ru,LEGACY_ALIAS,GLOBAL
A-00155,KAIDA-P0467,драконий фрукт,ru,LEGACY_ALIAS,GLOBAL
A-00156,KAIDA-P0483,виноград зелёный,ru,LEGACY_ALIAS,GLOBAL
A-00157,KAIDA-P0486,виноград без косточек,ru,LEGACY_ALIAS,GLOBAL
A-00158,KAIDA-P0513,гречневая крупа,ru,LEGACY_ALIAS,GLOBAL
A-00159,KAIDA-P0514,овсяные хлопья,ru,LEGACY_ALIAS,GLOBAL
A-00160,KAIDA-P0515,овсяные хлопья геркулес,ru,LEGACY_ALIAS,GLOBAL
A-00161,KAIDA-P0517,просо,ru,LEGACY_ALIAS,GLOBAL
A-00162,KAIDA-P0518,перловая крупа,ru,LEGACY_ALIAS,GLOBAL
A-00163,KAIDA-P0520,манка,ru,LEGACY_ALIAS,GLOBAL
A-00165,KAIDA-P0532,мука,ru,LEGACY_ALIAS,GLOBAL
A-00166,KAIDA-P0543,макаронные изделия,ru,LEGACY_ALIAS,GLOBAL
A-00167,KAIDA-P0548,спиральки макароны,ru,LEGACY_ALIAS,GLOBAL
A-00168,KAIDA-P0551,соба,ru,LEGACY_ALIAS,GLOBAL
A-00169,KAIDA-P0552,удон,ru,LEGACY_ALIAS,GLOBAL
A-00170,KAIDA-P0553,стеклянная лапша,ru,LEGACY_ALIAS,GLOBAL
A-00171,KAIDA-P0560,белая фасоль,ru,LEGACY_ALIAS,GLOBAL
A-00172,KAIDA-P0561,красная фасоль,ru,LEGACY_ALIAS,GLOBAL
A-00173,KAIDA-P0564,маш,ru,LEGACY_ALIAS,GLOBAL
A-00174,KAIDA-P0567,турецкий горох,ru,LEGACY_ALIAS,GLOBAL
A-00175,KAIDA-P0570,белуга чечевица,ru,LEGACY_ALIAS,GLOBAL
A-00177,KAIDA-P0574,зеленая фасоль,ru,LEGACY_ALIAS,GLOBAL
A-00178,KAIDA-P0577,лесной орех,ru,LEGACY_ALIAS,GLOBAL
A-00179,KAIDA-P0586,семечки,ru,LEGACY_ALIAS,GLOBAL
A-00180,KAIDA-P0588,кунжут,ru,LEGACY_ALIAS,GLOBAL
A-00181,KAIDA-P0590,лен семена,ru,LEGACY_ALIAS,GLOBAL
A-00182,KAIDA-P0591,чиа,ru,LEGACY_ALIAS,GLOBAL
A-00183,KAIDA-P0594,урюк без косточки,ru,LEGACY_ALIAS,GLOBAL
A-00184,KAIDA-P0595,урюк,ru,LEGACY_ALIAS,GLOBAL
A-00185,KAIDA-P0596,изюм,ru,LEGACY_ALIAS,GLOBAL
A-00186,KAIDA-P0600,финики,ru,LEGACY_ALIAS,GLOBAL
A-00187,KAIDA-P0604,вяленая дыня,ru,LEGACY_ALIAS,GLOBAL
A-00188,KAIDA-P0610,соль,ru,LEGACY_ALIAS,GLOBAL
A-00189,KAIDA-P0613,сахар,ru,LEGACY_ALIAS,GLOBAL
A-00190,KAIDA-P0614,коричневый сахар,ru,LEGACY_ALIAS,GLOBAL
A-00191,KAIDA-P0615,черный перец,ru,LEGACY_ALIAS,GLOBAL
A-00192,KAIDA-P0618,паприка,ru,LEGACY_ALIAS,GLOBAL
A-00193,KAIDA-P0622,кумин,ru,LEGACY_ALIAS,GLOBAL
A-00194,KAIDA-P0623,кориандр,ru,LEGACY_ALIAS,GLOBAL
A-00195,KAIDA-P0624,куркума,ru,LEGACY_ALIAS,GLOBAL
A-00196,KAIDA-P0627,гвоздика,ru,LEGACY_ALIAS,GLOBAL
A-00197,KAIDA-P0630,звездчатый анис,ru,LEGACY_ALIAS,GLOBAL
A-00198,KAIDA-P0635,лаврушка,ru,LEGACY_ALIAS,GLOBAL
A-00199,KAIDA-P0638,чабрец,ru,LEGACY_ALIAS,GLOBAL
A-00200,KAIDA-P0657,уксус,ru,LEGACY_ALIAS,GLOBAL
A-00201,KAIDA-P0674,гранатовый соус,ru,LEGACY_ALIAS,GLOBAL
A-00202,KAIDA-P0677,кунжутная паста,ru,LEGACY_ALIAS,GLOBAL
A-00203,KAIDA-P0679,белый хлеб,ru,LEGACY_ALIAS,GLOBAL
A-00204,KAIDA-P0680,черный хлеб,ru,LEGACY_ALIAS,GLOBAL
A-00205,KAIDA-P0686,лепешка тандырная,ru,LEGACY_ALIAS,GLOBAL
A-00206,KAIDA-P0687,лепешка,ru,LEGACY_ALIAS,GLOBAL
A-00207,KAIDA-P0689,баурсаки,ru,LEGACY_ALIAS,GLOBAL
A-00208,KAIDA-P0695,панировка,ru,LEGACY_ALIAS,GLOBAL
A-00209,KAIDA-P0696,мед,ru,LEGACY_ALIAS,GLOBAL
A-00210,KAIDA-P0703,мед в сотах,ru,LEGACY_ALIAS,GLOBAL
A-00211,KAIDA-P0711,вода,ru,LEGACY_ALIAS,GLOBAL
A-00212,KAIDA-P0718,морс,ru,LEGACY_ALIAS,GLOBAL
A-00213,KAIDA-P0724,черный чай,ru,LEGACY_ALIAS,GLOBAL
A-00215,KAIDA-P0725,зеленый чай,ru,LEGACY_ALIAS,GLOBAL
A-00216,KAIDA-P0727,оолонг,ru,LEGACY_ALIAS,GLOBAL
A-00217,KAIDA-P0732,гибискус чай,ru,LEGACY_ALIAS,GLOBAL
A-00218,KAIDA-P0733,зерновой кофе,ru,LEGACY_ALIAS,GLOBAL
A-00220,KAIDA-P0741,сузбе,ru,LEGACY_ALIAS,GLOBAL
A-00221,KAIDA-P0742,иримшик,ru,LEGACY_ALIAS,GLOBAL
A-00222,KAIDA-P0742,ірімшік,ru,LEGACY_ALIAS,GLOBAL
A-00223,KAIDA-P0743,молочная сыворотка домашняя,ru,LEGACY_ALIAS,GLOBAL
A-00224,KAIDA-P0746,толокно,ru,LEGACY_ALIAS,GLOBAL
A-00225,KAIDA-P0752,саумал,ru,LEGACY_ALIAS,GLOBAL
A-00226,KAIDA-P0768,маслины зеленые,ru,LEGACY_ALIAS,GLOBAL
A-00227,KAIDA-P0769,оливки черные,ru,LEGACY_ALIAS,GLOBAL
A-00229,KAIDA-P0773,мясо на бешбармак,ru,LEGACY_ALIAS,GLOBAL
A-00230,KAIDA-P0774,мясо на бешбармак баранина,ru,LEGACY_ALIAS,GLOBAL
