category_code,category_ru,category_kk
BERRIES,Ягоды,Жидектер
BEVERAGES,Безалкогольные напитки и основы,Алкогольсіз сусындар және негіздер
BREAD,Хлеб и выпечка,Нан және пісірме
CHEESE,Сыры,Ірімшіктер
DAIRY,Молочные продукты,Сүт өнімдері
DRIED,Сухофрукты,Кептірілген жемістер
EGGS,Яйца,Жұмыртқа
FISH_FRESHWATER,Рыба / Пресноводная,Балық / Тұщы су
FISH_PROCESSED,Рыба / Икра и рыбные продукты,Балық / Уылдырық және балық өнімдері
FISH_SEA,Рыба / Морская,Балық / Теңіз
FLOUR_PASTA,"Мука, тесто и макароны","Ұн, қамыр және макарон"
FRUIT_CITRUS_TROPICAL,Фрукты / Цитрусовые и тропические,Жемістер / Цитрус және тропикалық
FRUIT_POME_STONE,Фрукты / Семечковые и косточковые,Жемістер / Шекілдеуікті және сүйекті
GRAINS,"Крупы, зерно и хлопья","Жарма, дән және үлпек"
GREENS,Зелень и салаты,Көк шөп және салаттар
HONEY_PRESERVES,"Мёд, варенье и пасты","Бал, тосап және пасталар"
LEGUMES,Бобовые,Бұршақ тұқымдастар
MEAT_BEEF,Мясо / Говядина,Ет / Сиыр еті
MEAT_HORSE,Мясо / Конина,Ет / Жылқы еті
MEAT_LAMB,Мясо / Баранина и козлятина,Ет / Қой және ешкі еті
MEAT_PORK_OTHER,Мясо / Свинина и другое мясо,Ет / Шошқа және басқа ет
MELONS_GRAPES,Фрукты / Бахчевые и виноград,Жемістер / Бақша дақылдары және жүзім
MUSHROOMS,Грибы,Саңырауқұлақтар
NUTS_SEEDS,Орехи и семена,Жаңғақтар және тұқымдар
OFFAL,Субпродукты,Ішек-қарын және субөнімдер
OILS,Масла и жиры,Майлар
PICKLES,Соленья и ферментация,Тұздалған және ашытылған өнімдер
POULTRY,Птица,Құс еті
SAUCES,"Соусы, уксусы и приправы","Тұздықтар, сірке суы және дәмдеуіштер"
SEAFOOD,Морепродукты,Теңіз өнімдері
SPICES,Специи и пряности,Дәмдеуіштер
TEA_COFFEE,"Чай, кофе, какао","Шай, кофе, какао"
TRADITIONAL,Традиционные и фермерские продукты,Дәстүрлі және фермерлік өнімдер
VEG_FRUIT,Овощи / Плодовые и капустные,Көкөністер / Жемісті және қырыққабатты
VEG_ROOT,Овощи / Корнеплоды и луковичные,Көкөністер / Тамыр және пияз тұқымдастар
