product_id,canonical_name_ru,canonical_name_kk,entity_class,category_code,category_ru,category_kk,approval_status
KAIDA-P0001,Говядина,Сиыр еті,PRODUCT,MEAT_BEEF,Мясо / Говядина,Ет / Сиыр еті,LEGACY_APPROVED
KAIDA-P0002,Телятина,Бұзау еті,PRODUCT,MEAT_BEEF,Мясо / Говядина,Ет / Сиыр еті,LEGACY_APPROVED
KAIDA-P0003,Говяжья вырезка,Сиыр сүбесі,PRODUCT,MEAT_BEEF,Мясо / Говядина,Ет / Сиыр еті,LEGACY_APPROVED
KAIDA-P0004,Говяжье филе,Сиыр еті филесі,PRODUCT,MEAT_BEEF,Мясо / Говядина,Ет / Сиыр еті,LEGACY_APPROVED
KAIDA-P0005,Говяжья мякоть,Сиыр етінің жұмсағы,PRODUCT,MEAT_BEEF,Мясо / Говядина,Ет / Сиыр еті,LEGACY_APPROVED
KAIDA-P0006,Говяжья шея,Сиыр мойын еті,PRODUCT,MEAT_BEEF,Мясо / Говядина,Ет / Сиыр еті,LEGACY_APPROVED
KAIDA-P0007,Говяжья лопатка,Сиыр жауырыны,PRODUCT,MEAT_BEEF,Мясо / Говядина,Ет / Сиыр еті,LEGACY_APPROVED
KAIDA-P0008,Говяжья грудинка,Сиыр төсі,PRODUCT,MEAT_BEEF,Мясо / Говядина,Ет / Сиыр еті,LEGACY_APPROVED
KAIDA-P0009,Говяжьи рёбра,Сиыр қабырғасы,PRODUCT,MEAT_BEEF,Мясо / Говядина,Ет / Сиыр еті,LEGACY_APPROVED
KAIDA-P0010,Говяжья корейка,Сиыр жон еті,PRODUCT,MEAT_BEEF,Мясо / Говядина,Ет / Сиыр еті,LEGACY_APPROVED
KAIDA-P0011,Говяжья голяшка,Сиыр сирағы,PRODUCT,MEAT_BEEF,Мясо / Говядина,Ет / Сиыр еті,LEGACY_APPROVED
KAIDA-P0012,Говяжья рулька,Сиыр жіліншігі,PRODUCT,MEAT_BEEF,Мясо / Говядина,Ет / Сиыр еті,LEGACY_APPROVED
KAIDA-P0013,Говяжий кострец,Сиыр сауыр еті,PRODUCT,MEAT_BEEF,Мясо / Говядина,Ет / Сиыр еті,LEGACY_APPROVED
KAIDA-P0014,Говяжий огузок,Сиыр сан етінің сыртқы бөлігі,PRODUCT,MEAT_BEEF,Мясо / Говядина,Ет / Сиыр еті,LEGACY_APPROVED
KAIDA-P0015,Говяжья пашина,Сиыр шап еті,PRODUCT,MEAT_BEEF,Мясо / Говядина,Ет / Сиыр еті,LEGACY_APPROVED
KAIDA-P0016,Говяжий антрекот,Сиыр антрекоты,PRODUCT,MEAT_BEEF,Мясо / Говядина,Ет / Сиыр еті,LEGACY_APPROVED
KAIDA-P0017,Говяжий рибай,Сиыр рибайы,PRODUCT,MEAT_BEEF,Мясо / Говядина,Ет / Сиыр еті,LEGACY_APPROVED
KAIDA-P0018,Говяжий стриплойн,Сиыр стриплойны,PRODUCT,MEAT_BEEF,Мясо / Говядина,Ет / Сиыр еті,LEGACY_APPROVED
KAIDA-P0019,Говяжий томагавк,Сиыр томагавкы,PRODUCT,MEAT_BEEF,Мясо / Говядина,Ет / Сиыр еті,LEGACY_APPROVED
KAIDA-P0020,Говяжий стейк,Сиыр стейкі,PRODUCT,MEAT_BEEF,Мясо / Говядина,Ет / Сиыр еті,LEGACY_APPROVED
KAIDA-P0021,Говядина на кости,Сүйекті сиыр еті,PRODUCT,MEAT_BEEF,Мясо / Говядина,Ет / Сиыр еті,LEGACY_APPROVED
KAIDA-P0022,Говяжьи кости,Сиыр сүйектері,PRODUCT,MEAT_BEEF,Мясо / Говядина,Ет / Сиыр еті,LEGACY_APPROVED
KAIDA-P0023,Сахарная говяжья кость,Сиырдың майлы жілік сүйегі,PRODUCT,MEAT_BEEF,Мясо / Говядина,Ет / Сиыр еті,LEGACY_APPROVED
KAIDA-P0024,Говяжий фарш,Сиыр етінің тартпасы,PRODUCT,MEAT_BEEF,Мясо / Говядина,Ет / Сиыр еті,LEGACY_APPROVED
KAIDA-P0025,Фарш говядина-баранина,Сиыр-қой етінің тартпасы,PRODUCT,MEAT_BEEF,Мясо / Говядина,Ет / Сиыр еті,LEGACY_APPROVED
KAIDA-P0026,Телячья вырезка,Бұзау сүбесі,PRODUCT,MEAT_BEEF,Мясо / Говядина,Ет / Сиыр еті,LEGACY_APPROVED
KAIDA-P0027,Телячья мякоть,Бұзау етінің жұмсағы,PRODUCT,MEAT_BEEF,Мясо / Говядина,Ет / Сиыр еті,LEGACY_APPROVED
KAIDA-P0028,Телячьи рёбра,Бұзау қабырғасы,PRODUCT,MEAT_BEEF,Мясо / Говядина,Ет / Сиыр еті,LEGACY_APPROVED
KAIDA-P0029,Телячья голяшка,Бұзау сирағы,PRODUCT,MEAT_BEEF,Мясо / Говядина,Ет / Сиыр еті,LEGACY_APPROVED
KAIDA-P0030,Телячий фарш,Бұзау етінің тартпасы,PRODUCT,MEAT_BEEF,Мясо / Говядина,Ет / Сиыр еті,LEGACY_APPROVED
KAIDA-P0031,Баранина,Қой еті,PRODUCT,MEAT_LAMB,Мясо / Баранина и козлятина,Ет / Қой және ешкі еті,LEGACY_APPROVED
KAIDA-P0032,Ягнятина,Қозы еті,PRODUCT,MEAT_LAMB,Мясо / Баранина и козлятина,Ет / Қой және ешкі еті,LEGACY_APPROVED
KAIDA-P0033,Козлятина,Ешкі еті,PRODUCT,MEAT_LAMB,Мясо / Баранина и козлятина,Ет / Қой және ешкі еті,LEGACY_APPROVED
KAIDA-P0034,Баранья вырезка,Қой сүбесі,PRODUCT,MEAT_LAMB,Мясо / Баранина и козлятина,Ет / Қой және ешкі еті,LEGACY_APPROVED
KAIDA-P0035,Баранья мякоть,Қой етінің жұмсағы,PRODUCT,MEAT_LAMB,Мясо / Баранина и козлятина,Ет / Қой және ешкі еті,LEGACY_APPROVED
KAIDA-P0036,Баранья шея,Қой мойын еті,PRODUCT,MEAT_LAMB,Мясо / Баранина и козлятина,Ет / Қой және ешкі еті,LEGACY_APPROVED
KAIDA-P0037,Баранья лопатка,Қой жауырыны,PRODUCT,MEAT_LAMB,Мясо / Баранина и козлятина,Ет / Қой және ешкі еті,LEGACY_APPROVED
KAIDA-P0038,Баранья грудинка,Қой төсі,PRODUCT,MEAT_LAMB,Мясо / Баранина и козлятина,Ет / Қой және ешкі еті,LEGACY_APPROVED
KAIDA-P0039,Бараньи рёбра,Қой қабырғасы,PRODUCT,MEAT_LAMB,Мясо / Баранина и козлятина,Ет / Қой және ешкі еті,LEGACY_APPROVED
KAIDA-P0040,Баранья корейка,Қой жон еті,PRODUCT,MEAT_LAMB,Мясо / Баранина и козлятина,Ет / Қой және ешкі еті,LEGACY_APPROVED
KAIDA-P0041,Баранья нога,Қой саны,PRODUCT,MEAT_LAMB,Мясо / Баранина и козлятина,Ет / Қой және ешкі еті,LEGACY_APPROVED
KAIDA-P0042,Баранья голяшка,Қой сирағы,PRODUCT,MEAT_LAMB,Мясо / Баранина и козлятина,Ет / Қой және ешкі еті,LEGACY_APPROVED
KAIDA-P0043,Баранина на кости,Сүйекті қой еті,PRODUCT,MEAT_LAMB,Мясо / Баранина и козлятина,Ет / Қой және ешкі еті,LEGACY_APPROVED
KAIDA-P0044,Бараньи кости,Қой сүйектері,PRODUCT,MEAT_LAMB,Мясо / Баранина и козлятина,Ет / Қой және ешкі еті,LEGACY_APPROVED
KAIDA-P0045,Бараний фарш,Қой етінің тартпасы,PRODUCT,MEAT_LAMB,Мясо / Баранина и козлятина,Ет / Қой және ешкі еті,LEGACY_APPROVED
KAIDA-P0046,Курдюк,Құйрық май,PRODUCT,MEAT_LAMB,Мясо / Баранина и козлятина,Ет / Қой және ешкі еті,LEGACY_APPROVED
KAIDA-P0047,Бараний внутренний жир,Қойдың іш майы,PRODUCT,MEAT_LAMB,Мясо / Баранина и козлятина,Ет / Қой және ешкі еті,LEGACY_APPROVED
KAIDA-P0048,Ягнячья корейка,Қозы жон еті,PRODUCT,MEAT_LAMB,Мясо / Баранина и козлятина,Ет / Қой және ешкі еті,LEGACY_APPROVED
KAIDA-P0049,Ягнячьи рёбра,Қозы қабырғасы,PRODUCT,MEAT_LAMB,Мясо / Баранина и козлятина,Ет / Қой және ешкі еті,LEGACY_APPROVED
KAIDA-P0050,Ягнячья лопатка,Қозы жауырыны,PRODUCT,MEAT_LAMB,Мясо / Баранина и козлятина,Ет / Қой және ешкі еті,LEGACY_APPROVED
KAIDA-P0051,Ягнячья нога,Қозы саны,PRODUCT,MEAT_LAMB,Мясо / Баранина и козлятина,Ет / Қой және ешкі еті,LEGACY_APPROVED
KAIDA-P0052,Козлятина на кости,Сүйекті ешкі еті,PRODUCT,MEAT_LAMB,Мясо / Баранина и козлятина,Ет / Қой және ешкі еті,LEGACY_APPROVED
KAIDA-P0053,Козьи рёбра,Ешкі қабырғасы,PRODUCT,MEAT_LAMB,Мясо / Баранина и козлятина,Ет / Қой және ешкі еті,LEGACY_APPROVED
KAIDA-P0054,Козья лопатка,Ешкі жауырыны,PRODUCT,MEAT_LAMB,Мясо / Баранина и козлятина,Ет / Қой және ешкі еті,LEGACY_APPROVED
KAIDA-P0055,Козий фарш,Ешкі етінің тартпасы,PRODUCT,MEAT_LAMB,Мясо / Баранина и козлятина,Ет / Қой және ешкі еті,LEGACY_APPROVED
KAIDA-P0056,Конина,Жылқы еті,PRODUCT,MEAT_HORSE,Мясо / Конина,Ет / Жылқы еті,LEGACY_APPROVED
KAIDA-P0057,Жая,Жая,PRODUCT,MEAT_HORSE,Мясо / Конина,Ет / Жылқы еті,LEGACY_APPROVED
KAIDA-P0058,Казы,Қазы,PRODUCT,MEAT_HORSE,Мясо / Конина,Ет / Жылқы еті,LEGACY_APPROVED
KAIDA-P0059,Шужук из конины,Шұжық,PRODUCT,MEAT_HORSE,Мясо / Конина,Ет / Жылқы еті,LEGACY_APPROVED
KAIDA-P0060,Карта,Қарта,PRODUCT,MEAT_HORSE,Мясо / Конина,Ет / Жылқы еті,LEGACY_APPROVED
KAIDA-P0061,Жал,Жал,PRODUCT,MEAT_HORSE,Мясо / Конина,Ет / Жылқы еті,LEGACY_APPROVED
KAIDA-P0062,Конина мякоть,Жылқы етінің жұмсағы,PRODUCT,MEAT_HORSE,Мясо / Конина,Ет / Жылқы еті,LEGACY_APPROVED
KAIDA-P0063,Конина на кости,Сүйекті жылқы еті,PRODUCT,MEAT_HORSE,Мясо / Конина,Ет / Жылқы еті,LEGACY_APPROVED
KAIDA-P0064,Конские рёбра,Жылқы қабырғасы,PRODUCT,MEAT_HORSE,Мясо / Конина,Ет / Жылқы еті,LEGACY_APPROVED
KAIDA-P0065,Конина вырезка,Жылқы сүбесі,PRODUCT,MEAT_HORSE,Мясо / Конина,Ет / Жылқы еті,LEGACY_APPROVED
KAIDA-P0066,Конина лопатка,Жылқы жауырыны,PRODUCT,MEAT_HORSE,Мясо / Конина,Ет / Жылқы еті,LEGACY_APPROVED
KAIDA-P0067,Конина фарш,Жылқы етінің тартпасы,PRODUCT,MEAT_HORSE,Мясо / Конина,Ет / Жылқы еті,LEGACY_APPROVED
KAIDA-P0068,Конина для бешбармака,Бесбармаққа арналған жылқы еті,PRODUCT,MEAT_HORSE,Мясо / Конина,Ет / Жылқы еті,LEGACY_APPROVED
KAIDA-P0069,Сур ет,Сүр ет,PRODUCT,MEAT_HORSE,Мясо / Конина,Ет / Жылқы еті,LEGACY_APPROVED
KAIDA-P0070,Свинина,Шошқа еті,PRODUCT,MEAT_PORK_OTHER,Мясо / Свинина и другое мясо,Ет / Шошқа және басқа ет,LEGACY_APPROVED
KAIDA-P0071,Свиная вырезка,Шошқа сүбесі,PRODUCT,MEAT_PORK_OTHER,Мясо / Свинина и другое мясо,Ет / Шошқа және басқа ет,LEGACY_APPROVED
KAIDA-P0072,Свиная шея,Шошқа мойын еті,PRODUCT,MEAT_PORK_OTHER,Мясо / Свинина и другое мясо,Ет / Шошқа және басқа ет,LEGACY_APPROVED
KAIDA-P0073,Свиная лопатка,Шошқа жауырыны,PRODUCT,MEAT_PORK_OTHER,Мясо / Свинина и другое мясо,Ет / Шошқа және басқа ет,LEGACY_APPROVED
KAIDA-P0074,Свиная грудинка,Шошқа төсі,PRODUCT,MEAT_PORK_OTHER,Мясо / Свинина и другое мясо,Ет / Шошқа және басқа ет,LEGACY_APPROVED
KAIDA-P0075,Свиные рёбра,Шошқа қабырғасы,PRODUCT,MEAT_PORK_OTHER,Мясо / Свинина и другое мясо,Ет / Шошқа және басқа ет,LEGACY_APPROVED
KAIDA-P0076,Свиная корейка,Шошқа жон еті,PRODUCT,MEAT_PORK_OTHER,Мясо / Свинина и другое мясо,Ет / Шошқа және басқа ет,LEGACY_APPROVED
KAIDA-P0077,Свиная рулька,Шошқа жіліншігі,PRODUCT,MEAT_PORK_OTHER,Мясо / Свинина и другое мясо,Ет / Шошқа және басқа ет,LEGACY_APPROVED
KAIDA-P0078,Свиной фарш,Шошқа етінің тартпасы,PRODUCT,MEAT_PORK_OTHER,Мясо / Свинина и другое мясо,Ет / Шошқа және басқа ет,LEGACY_APPROVED
KAIDA-P0079,Сало,Шошқа майы,PRODUCT,MEAT_PORK_OTHER,Мясо / Свинина и другое мясо,Ет / Шошқа және басқа ет,LEGACY_APPROVED
KAIDA-P0080,Кролик,Қоян еті,PRODUCT,MEAT_PORK_OTHER,Мясо / Свинина и другое мясо,Ет / Шошқа және басқа ет,LEGACY_APPROVED
KAIDA-P0081,Кроличье филе,Қоян сүбесі,PRODUCT,MEAT_PORK_OTHER,Мясо / Свинина и другое мясо,Ет / Шошқа және басқа ет,LEGACY_APPROVED
KAIDA-P0082,Кроличьи ножки,Қоян аяғы,PRODUCT,MEAT_PORK_OTHER,Мясо / Свинина и другое мясо,Ет / Шошқа және басқа ет,LEGACY_APPROVED
KAIDA-P0084,Маралятина,Марал еті,PRODUCT,MEAT_PORK_OTHER,Мясо / Свинина и другое мясо,Ет / Шошқа және басқа ет,LEGACY_APPROVED
KAIDA-P0085,Верблюжатина,Түйе еті,PRODUCT,MEAT_PORK_OTHER,Мясо / Свинина и другое мясо,Ет / Шошқа және басқа ет,LEGACY_APPROVED
KAIDA-P0087,Курица,Тауық еті,PRODUCT,POULTRY,Птица,Құс еті,LEGACY_APPROVED
KAIDA-P0088,Куриная тушка,Тауық ұшасы,PRODUCT,POULTRY,Птица,Құс еті,LEGACY_APPROVED
KAIDA-P0089,Куриное филе,Тауық сүбесі,PRODUCT,POULTRY,Птица,Құс еті,LEGACY_APPROVED
KAIDA-P0090,Куриная грудка,Тауықтың төс еті,PRODUCT,POULTRY,Птица,Құс еті,LEGACY_APPROVED
KAIDA-P0091,Куриное бедро,Тауық саны,PRODUCT,POULTRY,Птица,Құс еті,LEGACY_APPROVED
KAIDA-P0092,Куриная голень,Тауық сирағы,PRODUCT,POULTRY,Птица,Құс еті,LEGACY_APPROVED
KAIDA-P0093,Куриное крыло,Тауық қанаты,PRODUCT,POULTRY,Птица,Құс еті,LEGACY_APPROVED
KAIDA-P0094,Куриная четверть,Тауықтың ширек бөлігі,PRODUCT,POULTRY,Птица,Құс еті,LEGACY_APPROVED
KAIDA-P0095,Куриный окорочок,Тауықтың сан еті,PRODUCT,POULTRY,Птица,Құс еті,LEGACY_APPROVED
KAIDA-P0097,Куриный фарш,Тауық етінің тартпасы,PRODUCT,POULTRY,Птица,Құс еті,LEGACY_APPROVED
KAIDA-P0098,Цыплёнок,Балапан еті,PRODUCT,POULTRY,Птица,Құс еті,LEGACY_APPROVED
KAIDA-P0099,Цыплёнок-корнишон,Корнишон балапан,PRODUCT,POULTRY,Птица,Құс еті,LEGACY_APPROVED
KAIDA-P0100,Индейка,Күркетауық еті,PRODUCT,POULTRY,Птица,Құс еті,LEGACY_APPROVED
KAIDA-P0101,Филе индейки,Күркетауық сүбесі,PRODUCT,POULTRY,Птица,Құс еті,LEGACY_APPROVED
KAIDA-P0102,Грудка индейки,Күркетауық төсі,PRODUCT,POULTRY,Птица,Құс еті,LEGACY_APPROVED
KAIDA-P0103,Бедро индейки,Күркетауық саны,PRODUCT,POULTRY,Птица,Құс еті,LEGACY_APPROVED
KAIDA-P0104,Голень индейки,Күркетауық сирағы,PRODUCT,POULTRY,Птица,Құс еті,LEGACY_APPROVED
KAIDA-P0105,Крыло индейки,Күркетауық қанаты,PRODUCT,POULTRY,Птица,Құс еті,LEGACY_APPROVED
KAIDA-P0106,Фарш индейки,Күркетауық етінің тартпасы,PRODUCT,POULTRY,Птица,Құс еті,LEGACY_APPROVED
KAIDA-P0107,Утка,Үйрек еті,PRODUCT,POULTRY,Птица,Құс еті,LEGACY_APPROVED
KAIDA-P0108,Утиная грудка,Үйрек төсі,PRODUCT,POULTRY,Птица,Құс еті,LEGACY_APPROVED
KAIDA-P0109,Утиная ножка,Үйрек аяғы,PRODUCT,POULTRY,Птица,Құс еті,LEGACY_APPROVED
KAIDA-P0110,Гусь,Қаз еті,PRODUCT,POULTRY,Птица,Құс еті,LEGACY_APPROVED
KAIDA-P0111,Гусиная тушка,Қаз ұшасы,PRODUCT,POULTRY,Птица,Құс еті,LEGACY_APPROVED
KAIDA-P0112,Перепел,Бөдене еті,PRODUCT,POULTRY,Птица,Құс еті,LEGACY_APPROVED
KAIDA-P0115,Говяжья печень,Сиыр бауыры,PRODUCT,OFFAL,Субпродукты,Ішек-қарын және субөнімдер,LEGACY_APPROVED
KAIDA-P0116,Говяжье сердце,Сиыр жүрегі,PRODUCT,OFFAL,Субпродукты,Ішек-қарын және субөнімдер,LEGACY_APPROVED
KAIDA-P0117,Говяжий язык,Сиыр тілі,PRODUCT,OFFAL,Субпродукты,Ішек-қарын және субөнімдер,LEGACY_APPROVED
KAIDA-P0118,Говяжьи почки,Сиыр бүйрегі,PRODUCT,OFFAL,Субпродукты,Ішек-қарын және субөнімдер,LEGACY_APPROVED
KAIDA-P0119,Говяжье лёгкое,Сиыр өкпесі,PRODUCT,OFFAL,Субпродукты,Ішек-қарын және субөнімдер,LEGACY_APPROVED
KAIDA-P0120,Говяжий рубец,Сиыр қарыны,PRODUCT,OFFAL,Субпродукты,Ішек-қарын және субөнімдер,LEGACY_APPROVED
KAIDA-P0122,Говяжий хвост,Сиыр құйрығы,PRODUCT,OFFAL,Субпродукты,Ішек-қарын және субөнімдер,LEGACY_APPROVED
KAIDA-P0125,Баранья печень,Қой бауыры,PRODUCT,OFFAL,Субпродукты,Ішек-қарын және субөнімдер,LEGACY_APPROVED
KAIDA-P0126,Баранье сердце,Қой жүрегі,PRODUCT,OFFAL,Субпродукты,Ішек-қарын және субөнімдер,LEGACY_APPROVED
KAIDA-P0127,Бараний язык,Қой тілі,PRODUCT,OFFAL,Субпродукты,Ішек-қарын және субөнімдер,LEGACY_APPROVED
KAIDA-P0128,Бараньи почки,Қой бүйрегі,PRODUCT,OFFAL,Субпродукты,Ішек-қарын және субөнімдер,LEGACY_APPROVED
KAIDA-P0129,Баранье лёгкое,Қой өкпесі,PRODUCT,OFFAL,Субпродукты,Ішек-қарын және субөнімдер,LEGACY_APPROVED
KAIDA-P0130,Бараний рубец,Қой қарыны,PRODUCT,OFFAL,Субпродукты,Ішек-қарын және субөнімдер,LEGACY_APPROVED
KAIDA-P0131,Баранья голова,Қой басы,PRODUCT,OFFAL,Субпродукты,Ішек-қарын және субөнімдер,LEGACY_APPROVED
KAIDA-P0132,Бараньи ноги,Қой сирағы,PRODUCT,OFFAL,Субпродукты,Ішек-қарын және субөнімдер,LEGACY_APPROVED
KAIDA-P0133,Конская печень,Жылқы бауыры,PRODUCT,OFFAL,Субпродукты,Ішек-қарын және субөнімдер,LEGACY_APPROVED
KAIDA-P0134,Конское сердце,Жылқы жүрегі,PRODUCT,OFFAL,Субпродукты,Ішек-қарын және субөнімдер,LEGACY_APPROVED
KAIDA-P0135,Конский язык,Жылқы тілі,PRODUCT,OFFAL,Субпродукты,Ішек-қарын және субөнімдер,LEGACY_APPROVED
KAIDA-P0136,Свиная печень,Шошқа бауыры,PRODUCT,OFFAL,Субпродукты,Ішек-қарын және субөнімдер,LEGACY_APPROVED
KAIDA-P0138,Куриная печень,Тауық бауыры,PRODUCT,OFFAL,Субпродукты,Ішек-қарын және субөнімдер,LEGACY_APPROVED
KAIDA-P0139,Куриные сердечки,Тауық жүрегі,PRODUCT,OFFAL,Субпродукты,Ішек-қарын және субөнімдер,LEGACY_APPROVED
KAIDA-P0140,Куриные желудки,Тауық қарны,PRODUCT,OFFAL,Субпродукты,Ішек-қарын және субөнімдер,LEGACY_APPROVED
KAIDA-P0141,Куриные шеи,Тауық мойны,PRODUCT,OFFAL,Субпродукты,Ішек-қарын және субөнімдер,LEGACY_APPROVED
KAIDA-P0142,Куриные лапки,Тауық аяғы,PRODUCT,OFFAL,Субпродукты,Ішек-қарын және субөнімдер,LEGACY_APPROVED
KAIDA-P0145,Сазан,Сазан,PRODUCT,FISH_FRESHWATER,Рыба / Пресноводная,Балық / Тұщы су,LEGACY_APPROVED
KAIDA-P0146,Карп,Тұқы,PRODUCT,FISH_FRESHWATER,Рыба / Пресноводная,Балық / Тұщы су,LEGACY_APPROVED
KAIDA-P0147,Зеркальный карп,Айна тұқы,PRODUCT,FISH_FRESHWATER,Рыба / Пресноводная,Балық / Тұщы су,LEGACY_APPROVED
KAIDA-P0148,Карась,Мөңке,PRODUCT,FISH_FRESHWATER,Рыба / Пресноводная,Балық / Тұщы су,LEGACY_APPROVED
KAIDA-P0149,Судак,Көксерке,PRODUCT,FISH_FRESHWATER,Рыба / Пресноводная,Балық / Тұщы су,LEGACY_APPROVED
KAIDA-P0150,Щука,Шортан,PRODUCT,FISH_FRESHWATER,Рыба / Пресноводная,Балық / Тұщы су,LEGACY_APPROVED
KAIDA-P0151,Сом,Жайын,PRODUCT,FISH_FRESHWATER,Рыба / Пресноводная,Балық / Тұщы су,LEGACY_APPROVED
KAIDA-P0152,Окунь речной,Өзен алабұғасы,PRODUCT,FISH_FRESHWATER,Рыба / Пресноводная,Балық / Тұщы су,LEGACY_APPROVED
KAIDA-P0153,Лещ,Табан,PRODUCT,FISH_FRESHWATER,Рыба / Пресноводная,Балық / Тұщы су,LEGACY_APPROVED
KAIDA-P0154,Толстолобик,Дөңмаңдай,PRODUCT,FISH_FRESHWATER,Рыба / Пресноводная,Балық / Тұщы су,LEGACY_APPROVED
KAIDA-P0155,Белый амур,Ақ амур,PRODUCT,FISH_FRESHWATER,Рыба / Пресноводная,Балық / Тұщы су,LEGACY_APPROVED
KAIDA-P0163,Форель радужная,Кемпірқосақ бахтағы,PRODUCT,FISH_FRESHWATER,Рыба / Пресноводная,Балық / Тұщы су,LEGACY_APPROVED
KAIDA-P0164,Форель речная,Өзен бахтағы,PRODUCT,FISH_FRESHWATER,Рыба / Пресноводная,Балық / Тұщы су,LEGACY_APPROVED
KAIDA-P0165,Форель озёрная,Көл бахтағы,PRODUCT,FISH_FRESHWATER,Рыба / Пресноводная,Балық / Тұщы су,LEGACY_APPROVED
KAIDA-P0166,Осётр,Бекіре,PRODUCT,FISH_FRESHWATER,Рыба / Пресноводная,Балық / Тұщы су,LEGACY_APPROVED
KAIDA-P0167,Стерлядь,Сүйрік,PRODUCT,FISH_FRESHWATER,Рыба / Пресноводная,Балық / Тұщы су,LEGACY_APPROVED
KAIDA-P0170,Угорь речной,Өзен жыланбалығы,PRODUCT,FISH_FRESHWATER,Рыба / Пресноводная,Балық / Тұщы су,LEGACY_APPROVED
KAIDA-P0171,Тилапия,Тилапия,PRODUCT,FISH_FRESHWATER,Рыба / Пресноводная,Балық / Тұщы су,LEGACY_APPROVED
KAIDA-P0172,Пангасиус,Пангасиус,PRODUCT,FISH_FRESHWATER,Рыба / Пресноводная,Балық / Тұщы су,LEGACY_APPROVED
KAIDA-P0173,Атлантический лосось,Атлант албырты,PRODUCT,FISH_SEA,Рыба / Морская,Балық / Теңіз,LEGACY_APPROVED
KAIDA-P0174,Тихоокеанский лосось,Тынық мұхит албырты,PRODUCT,FISH_SEA,Рыба / Морская,Балық / Теңіз,LEGACY_APPROVED
KAIDA-P0175,Горбуша,Қызғылт албырт,PRODUCT,FISH_SEA,Рыба / Морская,Балық / Теңіз,LEGACY_APPROVED
KAIDA-P0176,Кета,Кета,PRODUCT,FISH_SEA,Рыба / Морская,Балық / Теңіз,LEGACY_APPROVED
KAIDA-P0177,Нерка,Нерка,PRODUCT,FISH_SEA,Рыба / Морская,Балық / Теңіз,LEGACY_APPROVED
KAIDA-P0178,Кижуч,Кижуч,PRODUCT,FISH_SEA,Рыба / Морская,Балық / Теңіз,LEGACY_APPROVED
KAIDA-P0180,Тунец,Тунец,PRODUCT,FISH_SEA,Рыба / Морская,Балық / Теңіз,LEGACY_APPROVED
KAIDA-P0181,Жёлтопёрый тунец,Сарықанатты тунец,PRODUCT,FISH_SEA,Рыба / Морская,Балық / Теңіз,LEGACY_APPROVED
KAIDA-P0183,Скумбрия,Скумбрия,PRODUCT,FISH_SEA,Рыба / Морская,Балық / Теңіз,LEGACY_APPROVED
KAIDA-P0184,Сельдь,Майшабақ,PRODUCT,FISH_SEA,Рыба / Морская,Балық / Теңіз,LEGACY_APPROVED
KAIDA-P0185,Сардина,Сардина,PRODUCT,FISH_SEA,Рыба / Морская,Балық / Теңіз,LEGACY_APPROVED
KAIDA-P0187,Анчоус,Анчоус,PRODUCT,FISH_SEA,Рыба / Морская,Балық / Теңіз,LEGACY_APPROVED
KAIDA-P0188,Минтай,Минтай,PRODUCT,FISH_SEA,Рыба / Морская,Балық / Теңіз,LEGACY_APPROVED
KAIDA-P0189,Треска,Нәлім,PRODUCT,FISH_SEA,Рыба / Морская,Балық / Теңіз,LEGACY_APPROVED
KAIDA-P0191,Хек,Хек,PRODUCT,FISH_SEA,Рыба / Морская,Балық / Теңіз,LEGACY_APPROVED
KAIDA-P0192,Палтус,Палтус,PRODUCT,FISH_SEA,Рыба / Морская,Балық / Теңіз,LEGACY_APPROVED
KAIDA-P0193,Камбала,Камбала,PRODUCT,FISH_SEA,Рыба / Морская,Балық / Теңіз,LEGACY_APPROVED
KAIDA-P0194,Морской окунь,Теңіз алабұғасы,PRODUCT,FISH_SEA,Рыба / Морская,Балық / Теңіз,LEGACY_APPROVED
KAIDA-P0195,Дорадо,Дорадо,PRODUCT,FISH_SEA,Рыба / Морская,Балық / Теңіз,LEGACY_APPROVED
KAIDA-P0196,Сибас,Сибас,PRODUCT,FISH_SEA,Рыба / Морская,Балық / Теңіз,LEGACY_APPROVED
KAIDA-P0197,Лакедра,Лакедра,PRODUCT,FISH_SEA,Рыба / Морская,Балық / Теңіз,LEGACY_APPROVED
KAIDA-P0201,Барабулька,Барабулька,PRODUCT,FISH_SEA,Рыба / Морская,Балық / Теңіз,LEGACY_APPROVED
KAIDA-P0202,Кефаль,Кефаль,PRODUCT,FISH_SEA,Рыба / Морская,Балық / Теңіз,LEGACY_APPROVED
KAIDA-P0203,Ставрида,Ставрида,PRODUCT,FISH_SEA,Рыба / Морская,Балық / Теңіз,LEGACY_APPROVED
KAIDA-P0204,Сайра,Сайра,PRODUCT,FISH_SEA,Рыба / Морская,Балық / Теңіз,LEGACY_APPROVED
KAIDA-P0205,Мойва,Мойва,PRODUCT,FISH_SEA,Рыба / Морская,Балық / Теңіз,LEGACY_APPROVED
KAIDA-P0206,Корюшка,Корюшка,PRODUCT,FISH_SEA,Рыба / Морская,Балық / Теңіз,LEGACY_APPROVED
KAIDA-P0209,Масляная рыба,Майлы балық,PRODUCT,FISH_SEA,Рыба / Морская,Балық / Теңіз,LEGACY_APPROVED
KAIDA-P0217,Креветка,Асшаян,PRODUCT,SEAFOOD,Морепродукты,Теңіз өнімдері,LEGACY_APPROVED
KAIDA-P0218,Креветка тигровая,Жолбарыс асшаяны,PRODUCT,SEAFOOD,Морепродукты,Теңіз өнімдері,LEGACY_APPROVED
KAIDA-P0219,Креветка королевская,Корольдік асшаян,PRODUCT,SEAFOOD,Морепродукты,Теңіз өнімдері,LEGACY_APPROVED
KAIDA-P0220,Северная креветка,Солтүстік асшаян,PRODUCT,SEAFOOD,Морепродукты,Теңіз өнімдері,LEGACY_APPROVED
KAIDA-P0221,Лангустин,Лангустин,PRODUCT,SEAFOOD,Морепродукты,Теңіз өнімдері,LEGACY_APPROVED
KAIDA-P0222,Краб,Краб,PRODUCT,SEAFOOD,Морепродукты,Теңіз өнімдері,LEGACY_APPROVED
KAIDA-P0223,Камчатский краб,Камчатка крабы,PRODUCT,SEAFOOD,Морепродукты,Теңіз өнімдері,LEGACY_APPROVED
KAIDA-P0224,Краб-стригун,Стригун крабы,PRODUCT,SEAFOOD,Морепродукты,Теңіз өнімдері,LEGACY_APPROVED
KAIDA-P0225,Лобстер,Омар,PRODUCT,SEAFOOD,Морепродукты,Теңіз өнімдері,LEGACY_APPROVED
KAIDA-P0227,Рак речной,Өзен шаяны,PRODUCT,SEAFOOD,Морепродукты,Теңіз өнімдері,LEGACY_APPROVED
KAIDA-P0228,Мидии,Мидиялар,PRODUCT,SEAFOOD,Морепродукты,Теңіз өнімдері,LEGACY_APPROVED
KAIDA-P0229,Устрицы,Устрицалар,PRODUCT,SEAFOOD,Морепродукты,Теңіз өнімдері,LEGACY_APPROVED
KAIDA-P0230,Морской гребешок,Теңіз тарақшасы,PRODUCT,SEAFOOD,Морепродукты,Теңіз өнімдері,LEGACY_APPROVED
KAIDA-P0233,Кальмар,Кальмар,PRODUCT,SEAFOOD,Морепродукты,Теңіз өнімдері,LEGACY_APPROVED
KAIDA-P0234,Кальмар командорский,Командор кальмары,PRODUCT,SEAFOOD,Морепродукты,Теңіз өнімдері,LEGACY_APPROVED
KAIDA-P0235,Осьминог,Сегізаяқ,PRODUCT,SEAFOOD,Морепродукты,Теңіз өнімдері,LEGACY_APPROVED
KAIDA-P0237,Морской коктейль,Теңіз өнімдері қоспасы,PRODUCT,SEAFOOD,Морепродукты,Теңіз өнімдері,LEGACY_APPROVED
KAIDA-P0240,Морская капуста,Теңіз орамжапырағы,PRODUCT,SEAFOOD,Морепродукты,Теңіз өнімдері,LEGACY_APPROVED
KAIDA-P0241,Филе лосося,Албырт сүбесі,PRODUCT,FISH_PROCESSED,Рыба / Икра и рыбные продукты,Балық / Уылдырық және балық өнімдері,LEGACY_APPROVED
KAIDA-P0242,Стейк лосося,Албырт стейкі,PRODUCT,FISH_PROCESSED,Рыба / Икра и рыбные продукты,Балық / Уылдырық және балық өнімдері,LEGACY_APPROVED
KAIDA-P0243,Филе форели,Бахтах сүбесі,PRODUCT,FISH_PROCESSED,Рыба / Икра и рыбные продукты,Балық / Уылдырық және балық өнімдері,LEGACY_APPROVED
KAIDA-P0244,Стейк форели,Бахтах стейкі,PRODUCT,FISH_PROCESSED,Рыба / Икра и рыбные продукты,Балық / Уылдырық және балық өнімдері,LEGACY_APPROVED
KAIDA-P0245,Филе судака,Көксерке сүбесі,PRODUCT,FISH_PROCESSED,Рыба / Икра и рыбные продукты,Балық / Уылдырық және балық өнімдері,LEGACY_APPROVED
KAIDA-P0246,Филе сома,Жайын сүбесі,PRODUCT,FISH_PROCESSED,Рыба / Икра и рыбные продукты,Балық / Уылдырық және балық өнімдері,LEGACY_APPROVED
KAIDA-P0247,Филе тилапии,Тилапия сүбесі,PRODUCT,FISH_PROCESSED,Рыба / Икра и рыбные продукты,Балық / Уылдырық және балық өнімдері,LEGACY_APPROVED
KAIDA-P0248,Филе минтая,Минтай сүбесі,PRODUCT,FISH_PROCESSED,Рыба / Икра и рыбные продукты,Балық / Уылдырық және балық өнімдері,LEGACY_APPROVED
KAIDA-P0249,Филе трески,Нәлім сүбесі,PRODUCT,FISH_PROCESSED,Рыба / Икра и рыбные продукты,Балық / Уылдырық және балық өнімдері,LEGACY_APPROVED
KAIDA-P0250,Филе тунца,Тунец сүбесі,PRODUCT,FISH_PROCESSED,Рыба / Икра и рыбные продукты,Балық / Уылдырық және балық өнімдері,LEGACY_APPROVED
KAIDA-P0251,Стейк тунца,Тунец стейкі,PRODUCT,FISH_PROCESSED,Рыба / Икра и рыбные продукты,Балық / Уылдырық және балық өнімдері,LEGACY_APPROVED
KAIDA-P0252,Красная икра,Қызыл уылдырық,PRODUCT,FISH_PROCESSED,Рыба / Икра и рыбные продукты,Балық / Уылдырық және балық өнімдері,LEGACY_APPROVED
KAIDA-P0253,Икра горбуши,Қызғылт албырт уылдырығы,PRODUCT,FISH_PROCESSED,Рыба / Икра и рыбные продукты,Балық / Уылдырық және балық өнімдері,LEGACY_APPROVED
KAIDA-P0254,Икра кеты,Кета уылдырығы,PRODUCT,FISH_PROCESSED,Рыба / Икра и рыбные продукты,Балық / Уылдырық және балық өнімдері,LEGACY_APPROVED
KAIDA-P0255,Икра нерки,Нерка уылдырығы,PRODUCT,FISH_PROCESSED,Рыба / Икра и рыбные продукты,Балық / Уылдырық және балық өнімдері,LEGACY_APPROVED
KAIDA-P0256,Чёрная икра,Қара уылдырық,PRODUCT,FISH_PROCESSED,Рыба / Икра и рыбные продукты,Балық / Уылдырық және балық өнімдері,LEGACY_APPROVED
KAIDA-P0257,Икра осетра,Бекіре уылдырығы,PRODUCT,FISH_PROCESSED,Рыба / Икра и рыбные продукты,Балық / Уылдырық және балық өнімдері,LEGACY_APPROVED
KAIDA-P0258,Икра щуки,Шортан уылдырығы,PRODUCT,FISH_PROCESSED,Рыба / Икра и рыбные продукты,Балық / Уылдырық және балық өнімдері,LEGACY_APPROVED
KAIDA-P0260,Икра мойвы,Мойва уылдырығы,PRODUCT,FISH_PROCESSED,Рыба / Икра и рыбные продукты,Балық / Уылдырық және балық өнімдері,LEGACY_APPROVED
KAIDA-P0262,Печень трески,Нәлім бауыры,PRODUCT,FISH_PROCESSED,Рыба / Икра и рыбные продукты,Балық / Уылдырық және балық өнімдері,LEGACY_APPROVED
KAIDA-P0263,Рыбный фарш,Балық тартпасы,PRODUCT,FISH_PROCESSED,Рыба / Икра и рыбные продукты,Балық / Уылдырық және балық өнімдері,LEGACY_APPROVED
KAIDA-P0264,Набор для ухи,Балық сорпасына арналған жиынтық,PRODUCT,FISH_PROCESSED,Рыба / Икра и рыбные продукты,Балық / Уылдырық және балық өнімдері,LEGACY_APPROVED
KAIDA-P0265,Молоко коровье,Сиыр сүті,PRODUCT,DAIRY,Молочные продукты,Сүт өнімдері,LEGACY_APPROVED
KAIDA-P0266,Молоко козье,Ешкі сүті,PRODUCT,DAIRY,Молочные продукты,Сүт өнімдері,LEGACY_APPROVED
KAIDA-P0267,Молоко кобылье,Бие сүті,PRODUCT,DAIRY,Молочные продукты,Сүт өнімдері,LEGACY_APPROVED
KAIDA-P0268,Молоко верблюжье,Түйе сүті,PRODUCT,DAIRY,Молочные продукты,Сүт өнімдері,LEGACY_APPROVED
KAIDA-P0270,Молоко топлёное,Пісірілген сүт,PRODUCT,DAIRY,Молочные продукты,Сүт өнімдері,LEGACY_APPROVED
KAIDA-P0271,Молоко безлактозное,Лактозасыз сүт,PRODUCT,DAIRY,Молочные продукты,Сүт өнімдері,LEGACY_APPROVED
KAIDA-P0272,Сливки,Кілегей,PRODUCT,DAIRY,Молочные продукты,Сүт өнімдері,LEGACY_APPROVED
KAIDA-P0273,Сливки питьевые,Ішетін кілегей,PRODUCT,DAIRY,Молочные продукты,Сүт өнімдері,LEGACY_APPROVED
KAIDA-P0274,Сливки для взбивания,Шайқауға арналған кілегей,PRODUCT,DAIRY,Молочные продукты,Сүт өнімдері,LEGACY_APPROVED
KAIDA-P0275,Сметана,Қаймақ,PRODUCT,DAIRY,Молочные продукты,Сүт өнімдері,LEGACY_APPROVED
KAIDA-P0276,Каймак,Қаймақ,PRODUCT,DAIRY,Молочные продукты,Сүт өнімдері,LEGACY_APPROVED
KAIDA-P0277,Творог,Сүзбе,PRODUCT,DAIRY,Молочные продукты,Сүт өнімдері,LEGACY_APPROVED
KAIDA-P0278,Творожная масса,Сүзбе массасы,PRODUCT,DAIRY,Молочные продукты,Сүт өнімдері,LEGACY_APPROVED
KAIDA-P0279,Йогурт,Йогурт,PRODUCT,DAIRY,Молочные продукты,Сүт өнімдері,LEGACY_APPROVED
KAIDA-P0280,Йогурт греческий,Грек йогурты,PRODUCT,DAIRY,Молочные продукты,Сүт өнімдері,LEGACY_APPROVED
KAIDA-P0281,Йогурт питьевой,Ішетін йогурт,PRODUCT,DAIRY,Молочные продукты,Сүт өнімдері,LEGACY_APPROVED
KAIDA-P0282,Кефир,Кефир,PRODUCT,DAIRY,Молочные продукты,Сүт өнімдері,LEGACY_APPROVED
KAIDA-P0283,Айран,Айран,PRODUCT,DAIRY,Молочные продукты,Сүт өнімдері,LEGACY_APPROVED
KAIDA-P0284,Тан,Тан,PRODUCT,DAIRY,Молочные продукты,Сүт өнімдері,LEGACY_APPROVED
KAIDA-P0285,Кумыс,Қымыз,PRODUCT,DAIRY,Молочные продукты,Сүт өнімдері,LEGACY_APPROVED
KAIDA-P0286,Шубат,Шұбат,PRODUCT,DAIRY,Молочные продукты,Сүт өнімдері,LEGACY_APPROVED
KAIDA-P0287,Ряженка,Ряженка,PRODUCT,DAIRY,Молочные продукты,Сүт өнімдері,LEGACY_APPROVED
KAIDA-P0288,Простокваша,Ұйыған сүт,PRODUCT,DAIRY,Молочные продукты,Сүт өнімдері,LEGACY_APPROVED
KAIDA-P0291,Сыворотка молочная,Сүт сарысуы,PRODUCT,DAIRY,Молочные продукты,Сүт өнімдері,LEGACY_APPROVED
KAIDA-P0292,Масло сливочное,Сары май,PRODUCT,DAIRY,Молочные продукты,Сүт өнімдері,LEGACY_APPROVED
KAIDA-P0293,Масло топлёное,Ерітілген сары май,PRODUCT,DAIRY,Молочные продукты,Сүт өнімдері,LEGACY_APPROVED
KAIDA-P0294,Сгущённое молоко,Қоюландырылған сүт,PRODUCT,DAIRY,Молочные продукты,Сүт өнімдері,LEGACY_APPROVED
KAIDA-P0295,Сухое молоко,Құрғақ сүт,PRODUCT,DAIRY,Молочные продукты,Сүт өнімдері,LEGACY_APPROVED
KAIDA-P0296,Сухие сливки,Құрғақ кілегей,PRODUCT,DAIRY,Молочные продукты,Сүт өнімдері,LEGACY_APPROVED
KAIDA-P0297,Молочный коктейль,Сүт коктейлі,PRODUCT,DAIRY,Молочные продукты,Сүт өнімдері,LEGACY_APPROVED
KAIDA-P0298,Мороженое пломбир,Пломбир балмұздағы,PRODUCT,DAIRY,Молочные продукты,Сүт өнімдері,LEGACY_APPROVED
KAIDA-P0299,Сыр твёрдый,Қатты ірімшік,PRODUCT,CHEESE,Сыры,Ірімшіктер,LEGACY_APPROVED
KAIDA-P0300,Сыр полутвёрдый,Жартылай қатты ірімшік,PRODUCT,CHEESE,Сыры,Ірімшіктер,LEGACY_APPROVED
KAIDA-P0301,Сыр мягкий,Жұмсақ ірімшік,PRODUCT,CHEESE,Сыры,Ірімшіктер,LEGACY_APPROVED
KAIDA-P0302,Сыр рассольный,Тұздықтағы ірімшік,PRODUCT,CHEESE,Сыры,Ірімшіктер,LEGACY_APPROVED
KAIDA-P0303,Сыр плавленый,Балқытылған ірімшік,PRODUCT,CHEESE,Сыры,Ірімшіктер,LEGACY_APPROVED
KAIDA-P0304,Сыр копчёный,Ысталған ірімшік,PRODUCT,CHEESE,Сыры,Ірімшіктер,LEGACY_APPROVED
KAIDA-P0305,Сыр козий,Ешкі ірімшігі,PRODUCT,CHEESE,Сыры,Ірімшіктер,LEGACY_APPROVED
KAIDA-P0307,Моцарелла,Моцарелла,PRODUCT,CHEESE,Сыры,Ірімшіктер,LEGACY_APPROVED
KAIDA-P0308,Буррата,Буррата,PRODUCT,CHEESE,Сыры,Ірімшіктер,LEGACY_APPROVED
KAIDA-P0309,Страчателла,Страчателла,PRODUCT,CHEESE,Сыры,Ірімшіктер,LEGACY_APPROVED
KAIDA-P0310,Рикотта,Рикотта,PRODUCT,CHEESE,Сыры,Ірімшіктер,LEGACY_APPROVED
KAIDA-P0311,Маскарпоне,Маскарпоне,PRODUCT,CHEESE,Сыры,Ірімшіктер,LEGACY_APPROVED
KAIDA-P0312,Пармезан,Пармезан,PRODUCT,CHEESE,Сыры,Ірімшіктер,LEGACY_APPROVED
KAIDA-P0313,Грана падано,Грана падано,PRODUCT,CHEESE,Сыры,Ірімшіктер,LEGACY_APPROVED
KAIDA-P0314,Пекорино,Пекорино,PRODUCT,CHEESE,Сыры,Ірімшіктер,LEGACY_APPROVED
KAIDA-P0315,Чеддер,Чеддер,PRODUCT,CHEESE,Сыры,Ірімшіктер,LEGACY_APPROVED
KAIDA-P0316,Гауда,Гауда,PRODUCT,CHEESE,Сыры,Ірімшіктер,LEGACY_APPROVED
KAIDA-P0317,Эдам,Эдам,PRODUCT,CHEESE,Сыры,Ірімшіктер,LEGACY_APPROVED
KAIDA-P0318,Маасдам,Маасдам,PRODUCT,CHEESE,Сыры,Ірімшіктер,LEGACY_APPROVED
KAIDA-P0319,Эмменталь,Эмменталь,PRODUCT,CHEESE,Сыры,Ірімшіктер,LEGACY_APPROVED
KAIDA-P0320,Грюйер,Грюйер,PRODUCT,CHEESE,Сыры,Ірімшіктер,LEGACY_APPROVED
KAIDA-P0321,Камамбер,Камамбер,PRODUCT,CHEESE,Сыры,Ірімшіктер,LEGACY_APPROVED
KAIDA-P0322,Бри,Бри,PRODUCT,CHEESE,Сыры,Ірімшіктер,LEGACY_APPROVED
KAIDA-P0323,Горгонзола,Горгонзола,PRODUCT,CHEESE,Сыры,Ірімшіктер,LEGACY_APPROVED
KAIDA-P0324,Дорблю,Дорблю,PRODUCT,CHEESE,Сыры,Ірімшіктер,LEGACY_APPROVED
KAIDA-P0325,Рокфор,Рокфор,PRODUCT,CHEESE,Сыры,Ірімшіктер,LEGACY_APPROVED
KAIDA-P0326,Фета,Фета,PRODUCT,CHEESE,Сыры,Ірімшіктер,LEGACY_APPROVED
KAIDA-P0327,Брынза,Брынза,PRODUCT,CHEESE,Сыры,Ірімшіктер,LEGACY_APPROVED
KAIDA-P0328,Сулугуни,Сулугуни,PRODUCT,CHEESE,Сыры,Ірімшіктер,LEGACY_APPROVED
KAIDA-P0329,Адыгейский сыр,Адыгей ірімшігі,PRODUCT,CHEESE,Сыры,Ірімшіктер,LEGACY_APPROVED
KAIDA-P0330,Чечил,Чечил,PRODUCT,CHEESE,Сыры,Ірімшіктер,LEGACY_APPROVED
KAIDA-P0331,Халуми,Халуми,PRODUCT,CHEESE,Сыры,Ірімшіктер,LEGACY_APPROVED
KAIDA-P0332,Крем-сыр,Крем-ірімшік,PRODUCT,CHEESE,Сыры,Ірімшіктер,LEGACY_APPROVED
KAIDA-P0333,Курт,Құрт,PRODUCT,CHEESE,Сыры,Ірімшіктер,LEGACY_APPROVED
KAIDA-P0334,Жент,Жент,PRODUCT,CHEESE,Сыры,Ірімшіктер,LEGACY_APPROVED
KAIDA-P0335,Балкаймак,Балқаймақ,PRODUCT,CHEESE,Сыры,Ірімшіктер,LEGACY_APPROVED
KAIDA-P0336,Куриные яйца,Тауық жұмыртқасы,PRODUCT,EGGS,Яйца,Жұмыртқа,LEGACY_APPROVED
KAIDA-P0337,Перепелиные яйца,Бөдене жұмыртқасы,PRODUCT,EGGS,Яйца,Жұмыртқа,LEGACY_APPROVED
KAIDA-P0338,Утиные яйца,Үйрек жұмыртқасы,PRODUCT,EGGS,Яйца,Жұмыртқа,LEGACY_APPROVED
KAIDA-P0342,Картофель,Картоп,PRODUCT,VEG_ROOT,Овощи / Корнеплоды и луковичные,Көкөністер / Тамыр және пияз тұқымдастар,LEGACY_APPROVED
KAIDA-P0343,Картофель молодой,Жас картоп,PRODUCT,VEG_ROOT,Овощи / Корнеплоды и луковичные,Көкөністер / Тамыр және пияз тұқымдастар,LEGACY_APPROVED
KAIDA-P0344,Картофель красный,Қызыл картоп,PRODUCT,VEG_ROOT,Овощи / Корнеплоды и луковичные,Көкөністер / Тамыр және пияз тұқымдастар,LEGACY_APPROVED
KAIDA-P0346,Батат,Батат,PRODUCT,VEG_ROOT,Овощи / Корнеплоды и луковичные,Көкөністер / Тамыр және пияз тұқымдастар,LEGACY_APPROVED
KAIDA-P0347,Морковь,Сәбіз,PRODUCT,VEG_ROOT,Овощи / Корнеплоды и луковичные,Көкөністер / Тамыр және пияз тұқымдастар,LEGACY_APPROVED
KAIDA-P0348,Свёкла,Қызылша,PRODUCT,VEG_ROOT,Овощи / Корнеплоды и луковичные,Көкөністер / Тамыр және пияз тұқымдастар,LEGACY_APPROVED
KAIDA-P0349,Редька,Шомыр,PRODUCT,VEG_ROOT,Овощи / Корнеплоды и луковичные,Көкөністер / Тамыр және пияз тұқымдастар,LEGACY_APPROVED
KAIDA-P0350,Редька дайкон,Дайкон,PRODUCT,VEG_ROOT,Овощи / Корнеплоды и луковичные,Көкөністер / Тамыр және пияз тұқымдастар,LEGACY_APPROVED
KAIDA-P0351,Репа,Шалқан,PRODUCT,VEG_ROOT,Овощи / Корнеплоды и луковичные,Көкөністер / Тамыр және пияз тұқымдастар,LEGACY_APPROVED
KAIDA-P0354,Сельдерей корень,Балдыркөк тамыры,PRODUCT,VEG_ROOT,Овощи / Корнеплоды и луковичные,Көкөністер / Тамыр және пияз тұқымдастар,LEGACY_APPROVED
KAIDA-P0355,Хрен корень,Ақжелкек тамыры,PRODUCT,VEG_ROOT,Овощи / Корнеплоды и луковичные,Көкөністер / Тамыр және пияз тұқымдастар,LEGACY_APPROVED
KAIDA-P0356,Имбирь корень,Зімбір тамыры,PRODUCT,VEG_ROOT,Овощи / Корнеплоды и луковичные,Көкөністер / Тамыр және пияз тұқымдастар,LEGACY_APPROVED
KAIDA-P0359,Лук репчатый,Пияз,PRODUCT,VEG_ROOT,Овощи / Корнеплоды и луковичные,Көкөністер / Тамыр және пияз тұқымдастар,LEGACY_APPROVED
KAIDA-P0360,Лук красный,Қызыл пияз,PRODUCT,VEG_ROOT,Овощи / Корнеплоды и луковичные,Көкөністер / Тамыр және пияз тұқымдастар,LEGACY_APPROVED
KAIDA-P0361,Лук белый,Ақ пияз,PRODUCT,VEG_ROOT,Овощи / Корнеплоды и луковичные,Көкөністер / Тамыр және пияз тұқымдастар,LEGACY_APPROVED
KAIDA-P0362,Лук шалот,Шалот пиязы,PRODUCT,VEG_ROOT,Овощи / Корнеплоды и луковичные,Көкөністер / Тамыр және пияз тұқымдастар,LEGACY_APPROVED
KAIDA-P0363,Лук-порей,Порей пиязы,PRODUCT,VEG_ROOT,Овощи / Корнеплоды и луковичные,Көкөністер / Тамыр және пияз тұқымдастар,LEGACY_APPROVED
KAIDA-P0364,Чеснок,Сарымсақ,PRODUCT,VEG_ROOT,Овощи / Корнеплоды и луковичные,Көкөністер / Тамыр және пияз тұқымдастар,LEGACY_APPROVED
KAIDA-P0365,Чеснок молодой,Жас сарымсақ,PRODUCT,VEG_ROOT,Овощи / Корнеплоды и луковичные,Көкөністер / Тамыр және пияз тұқымдастар,LEGACY_APPROVED
KAIDA-P0366,Помидор,Қызанақ,PRODUCT,VEG_FRUIT,Овощи / Плодовые и капустные,Көкөністер / Жемісті және қырыққабатты,LEGACY_APPROVED
KAIDA-P0367,Помидор розовый,Қызғылт қызанақ,PRODUCT,VEG_FRUIT,Овощи / Плодовые и капустные,Көкөністер / Жемісті және қырыққабатты,LEGACY_APPROVED
KAIDA-P0368,Помидор черри,Черри қызанағы,PRODUCT,VEG_FRUIT,Овощи / Плодовые и капустные,Көкөністер / Жемісті және қырыққабатты,LEGACY_APPROVED
KAIDA-P0369,Помидор на ветке,Сабағындағы қызанақ,PRODUCT,VEG_FRUIT,Овощи / Плодовые и капустные,Көкөністер / Жемісті және қырыққабатты,LEGACY_APPROVED
KAIDA-P0370,Огурец,Қияр,PRODUCT,VEG_FRUIT,Овощи / Плодовые и капустные,Көкөністер / Жемісті және қырыққабатты,LEGACY_APPROVED
KAIDA-P0371,Огурец корнишон,Корнишон қияры,PRODUCT,VEG_FRUIT,Овощи / Плодовые и капустные,Көкөністер / Жемісті және қырыққабатты,LEGACY_APPROVED
KAIDA-P0372,Перец сладкий,Тәтті бұрыш,PRODUCT,VEG_FRUIT,Овощи / Плодовые и капустные,Көкөністер / Жемісті және қырыққабатты,LEGACY_APPROVED
KAIDA-P0373,Перец рамиро,Рамиро бұрышы,PRODUCT,VEG_FRUIT,Овощи / Плодовые и капустные,Көкөністер / Жемісті және қырыққабатты,LEGACY_APPROVED
KAIDA-P0374,Перец острый,Ащы бұрыш,PRODUCT,VEG_FRUIT,Овощи / Плодовые и капустные,Көкөністер / Жемісті және қырыққабатты,LEGACY_APPROVED
KAIDA-P0375,Халапеньо свежий,Жаңа халапеньо,PRODUCT,VEG_FRUIT,Овощи / Плодовые и капустные,Көкөністер / Жемісті және қырыққабатты,LEGACY_APPROVED
KAIDA-P0376,Баклажан,Баялды,PRODUCT,VEG_FRUIT,Овощи / Плодовые и капустные,Көкөністер / Жемісті және қырыққабатты,LEGACY_APPROVED
KAIDA-P0377,Кабачок,Кәді,PRODUCT,VEG_FRUIT,Овощи / Плодовые и капустные,Көкөністер / Жемісті және қырыққабатты,LEGACY_APPROVED
KAIDA-P0378,Цукини,Цукини,PRODUCT,VEG_FRUIT,Овощи / Плодовые и капустные,Көкөністер / Жемісті және қырыққабатты,LEGACY_APPROVED
KAIDA-P0380,Тыква,Асқабақ,PRODUCT,VEG_FRUIT,Овощи / Плодовые и капустные,Көкөністер / Жемісті және қырыққабатты,LEGACY_APPROVED
KAIDA-P0381,Тыква баттернат,Баттернат асқабағы,PRODUCT,VEG_FRUIT,Овощи / Плодовые и капустные,Көкөністер / Жемісті және қырыққабатты,LEGACY_APPROVED
KAIDA-P0382,Кукуруза свежая,Жаңа жүгері,PRODUCT,VEG_FRUIT,Овощи / Плодовые и капустные,Көкөністер / Жемісті және қырыққабатты,LEGACY_APPROVED
KAIDA-P0385,Спаржа,Қояншөп,PRODUCT,VEG_FRUIT,Овощи / Плодовые и капустные,Көкөністер / Жемісті және қырыққабатты,LEGACY_APPROVED
KAIDA-P0386,Капуста белокочанная,Ақ қауданды қырыққабат,PRODUCT,VEG_FRUIT,Овощи / Плодовые и капустные,Көкөністер / Жемісті және қырыққабатты,LEGACY_APPROVED
KAIDA-P0387,Капуста краснокочанная,Қызыл қауданды қырыққабат,PRODUCT,VEG_FRUIT,Овощи / Плодовые и капустные,Көкөністер / Жемісті және қырыққабатты,LEGACY_APPROVED
KAIDA-P0388,Капуста пекинская,Пекин қырыққабаты,PRODUCT,VEG_FRUIT,Овощи / Плодовые и капустные,Көкөністер / Жемісті және қырыққабатты,LEGACY_APPROVED
KAIDA-P0390,Цветная капуста,Гүлді қырыққабат,PRODUCT,VEG_FRUIT,Овощи / Плодовые и капустные,Көкөністер / Жемісті және қырыққабатты,LEGACY_APPROVED
KAIDA-P0391,Брокколи,Брокколи,PRODUCT,VEG_FRUIT,Овощи / Плодовые и капустные,Көкөністер / Жемісті және қырыққабатты,LEGACY_APPROVED
KAIDA-P0392,Брюссельская капуста,Брюссель қырыққабаты,PRODUCT,VEG_FRUIT,Овощи / Плодовые и капустные,Көкөністер / Жемісті және қырыққабатты,LEGACY_APPROVED
KAIDA-P0394,Укроп,Аскөк,PRODUCT,GREENS,Зелень и салаты,Көк шөп және салаттар,LEGACY_APPROVED
KAIDA-P0395,Петрушка,Ақжелкен,PRODUCT,GREENS,Зелень и салаты,Көк шөп және салаттар,LEGACY_APPROVED
KAIDA-P0396,Кинза,Күнзе,PRODUCT,GREENS,Зелень и салаты,Көк шөп және салаттар,LEGACY_APPROVED
KAIDA-P0397,Базилик зелёный,Жасыл райхан,PRODUCT,GREENS,Зелень и салаты,Көк шөп және салаттар,LEGACY_APPROVED
KAIDA-P0398,Базилик фиолетовый,Күлгін райхан,PRODUCT,GREENS,Зелень и салаты,Көк шөп және салаттар,LEGACY_APPROVED
KAIDA-P0399,Мята,Жалбыз,PRODUCT,GREENS,Зелень и салаты,Көк шөп және салаттар,LEGACY_APPROVED
KAIDA-P0400,Эстрагон,Эстрагон,PRODUCT,GREENS,Зелень и салаты,Көк шөп және салаттар,LEGACY_APPROVED
KAIDA-P0401,Розмарин свежий,Жаңа розмарин,PRODUCT,GREENS,Зелень и салаты,Көк шөп және салаттар,LEGACY_APPROVED
KAIDA-P0402,Тимьян свежий,Жаңа тасшөп,PRODUCT,GREENS,Зелень и салаты,Көк шөп және салаттар,LEGACY_APPROVED
KAIDA-P0404,Зелёный лук,Көк пияз,PRODUCT,GREENS,Зелень и салаты,Көк шөп және салаттар,LEGACY_APPROVED
KAIDA-P0405,Черемша,Жабайы сарымсақ,PRODUCT,GREENS,Зелень и салаты,Көк шөп және салаттар,LEGACY_APPROVED
KAIDA-P0406,Щавель,Қымыздық,PRODUCT,GREENS,Зелень и салаты,Көк шөп және салаттар,LEGACY_APPROVED
KAIDA-P0407,Шпинат,Саумалдық,PRODUCT,GREENS,Зелень и салаты,Көк шөп және салаттар,LEGACY_APPROVED
KAIDA-P0408,Руккола,Рукола,PRODUCT,GREENS,Зелень и салаты,Көк шөп және салаттар,LEGACY_APPROVED
KAIDA-P0409,Салат айсберг,Айсберг салаты,PRODUCT,GREENS,Зелень и салаты,Көк шөп және салаттар,LEGACY_APPROVED
KAIDA-P0410,Салат романо,Романо салаты,PRODUCT,GREENS,Зелень и салаты,Көк шөп және салаттар,LEGACY_APPROVED
KAIDA-P0411,Салат латук,Латук салаты,PRODUCT,GREENS,Зелень и салаты,Көк шөп және салаттар,LEGACY_APPROVED
KAIDA-P0415,Микрозелень,Микрожасыл,PRODUCT,GREENS,Зелень и салаты,Көк шөп және салаттар,LEGACY_APPROVED
KAIDA-P0416,Сельдерей стеблевой,Сабақты балдыркөк,PRODUCT,GREENS,Зелень и салаты,Көк шөп және салаттар,LEGACY_APPROVED
KAIDA-P0418,Шампиньоны,Шампиньондар,PRODUCT,MUSHROOMS,Грибы,Саңырауқұлақтар,LEGACY_APPROVED
KAIDA-P0419,Вешенки,Аспалы саңырауқұлақ,PRODUCT,MUSHROOMS,Грибы,Саңырауқұлақтар,LEGACY_APPROVED
KAIDA-P0420,Белые грибы,Ақ саңырауқұлақ,PRODUCT,MUSHROOMS,Грибы,Саңырауқұлақтар,LEGACY_APPROVED
KAIDA-P0421,Лисички,Түлкіжем,PRODUCT,MUSHROOMS,Грибы,Саңырауқұлақтар,LEGACY_APPROVED
KAIDA-P0427,Шиитаке,Шиитаке,PRODUCT,MUSHROOMS,Грибы,Саңырауқұлақтар,LEGACY_APPROVED
KAIDA-P0428,Эноки,Эноки,PRODUCT,MUSHROOMS,Грибы,Саңырауқұлақтар,LEGACY_APPROVED
KAIDA-P0429,Эринги,Эринги,PRODUCT,MUSHROOMS,Грибы,Саңырауқұлақтар,LEGACY_APPROVED
KAIDA-P0430,Муэр,Муэр,PRODUCT,MUSHROOMS,Грибы,Саңырауқұлақтар,LEGACY_APPROVED
KAIDA-P0432,Яблоко,Алма,PRODUCT,FRUIT_POME_STONE,Фрукты / Семечковые и косточковые,Жемістер / Шекілдеуікті және сүйекті,LEGACY_APPROVED
KAIDA-P0433,Яблоко апорт,Апорт алмасы,PRODUCT,FRUIT_POME_STONE,Фрукты / Семечковые и косточковые,Жемістер / Шекілдеуікті және сүйекті,LEGACY_APPROVED
KAIDA-P0434,Яблоко голден,Голден алмасы,PRODUCT,FRUIT_POME_STONE,Фрукты / Семечковые и косточковые,Жемістер / Шекілдеуікті және сүйекті,LEGACY_APPROVED
KAIDA-P0435,Яблоко гала,Гала алмасы,PRODUCT,FRUIT_POME_STONE,Фрукты / Семечковые и косточковые,Жемістер / Шекілдеуікті және сүйекті,LEGACY_APPROVED
KAIDA-P0436,Яблоко гренни смит,Гренни Смит алмасы,PRODUCT,FRUIT_POME_STONE,Фрукты / Семечковые и косточковые,Жемістер / Шекілдеуікті және сүйекті,LEGACY_APPROVED
KAIDA-P0437,Груша,Алмұрт,PRODUCT,FRUIT_POME_STONE,Фрукты / Семечковые и косточковые,Жемістер / Шекілдеуікті және сүйекті,LEGACY_APPROVED
KAIDA-P0438,Айва,Беже,PRODUCT,FRUIT_POME_STONE,Фрукты / Семечковые и косточковые,Жемістер / Шекілдеуікті және сүйекті,LEGACY_APPROVED
KAIDA-P0439,Персик,Шабдалы,PRODUCT,FRUIT_POME_STONE,Фрукты / Семечковые и косточковые,Жемістер / Шекілдеуікті және сүйекті,LEGACY_APPROVED
KAIDA-P0440,Нектарин,Нектарин,PRODUCT,FRUIT_POME_STONE,Фрукты / Семечковые и косточковые,Жемістер / Шекілдеуікті және сүйекті,LEGACY_APPROVED
KAIDA-P0441,Абрикос,Өрік,PRODUCT,FRUIT_POME_STONE,Фрукты / Семечковые и косточковые,Жемістер / Шекілдеуікті және сүйекті,LEGACY_APPROVED
KAIDA-P0443,Слива,Алхоры,PRODUCT,FRUIT_POME_STONE,Фрукты / Семечковые и косточковые,Жемістер / Шекілдеуікті және сүйекті,LEGACY_APPROVED
KAIDA-P0444,Алыча,Алша,PRODUCT,FRUIT_POME_STONE,Фрукты / Семечковые и косточковые,Жемістер / Шекілдеуікті және сүйекті,LEGACY_APPROVED
KAIDA-P0445,Чернослив свежий,Жаңа қара өрік,PRODUCT,FRUIT_POME_STONE,Фрукты / Семечковые и косточковые,Жемістер / Шекілдеуікті және сүйекті,LEGACY_APPROVED
KAIDA-P0446,Вишня,Шие,PRODUCT,FRUIT_POME_STONE,Фрукты / Семечковые и косточковые,Жемістер / Шекілдеуікті және сүйекті,LEGACY_APPROVED
KAIDA-P0447,Черешня,Тәтті шие,PRODUCT,FRUIT_POME_STONE,Фрукты / Семечковые и косточковые,Жемістер / Шекілдеуікті және сүйекті,LEGACY_APPROVED
KAIDA-P0448,Инжир свежий,Жаңа інжір,PRODUCT,FRUIT_POME_STONE,Фрукты / Семечковые и косточковые,Жемістер / Шекілдеуікті және сүйекті,LEGACY_APPROVED
KAIDA-P0449,Хурма,Құрма,PRODUCT,FRUIT_POME_STONE,Фрукты / Семечковые и косточковые,Жемістер / Шекілдеуікті және сүйекті,LEGACY_APPROVED
KAIDA-P0450,Гранат,Анар,PRODUCT,FRUIT_POME_STONE,Фрукты / Семечковые и косточковые,Жемістер / Шекілдеуікті және сүйекті,LEGACY_APPROVED
KAIDA-P0451,Апельсин,Апельсин,PRODUCT,FRUIT_CITRUS_TROPICAL,Фрукты / Цитрусовые и тропические,Жемістер / Цитрус және тропикалық,LEGACY_APPROVED
KAIDA-P0452,Мандарин,Мандарин,PRODUCT,FRUIT_CITRUS_TROPICAL,Фрукты / Цитрусовые и тропические,Жемістер / Цитрус және тропикалық,LEGACY_APPROVED
KAIDA-P0453,Клементин,Клементин,PRODUCT,FRUIT_CITRUS_TROPICAL,Фрукты / Цитрусовые и тропические,Жемістер / Цитрус және тропикалық,LEGACY_APPROVED
KAIDA-P0454,Лимон,Лимон,PRODUCT,FRUIT_CITRUS_TROPICAL,Фрукты / Цитрусовые и тропические,Жемістер / Цитрус және тропикалық,LEGACY_APPROVED
KAIDA-P0455,Лайм,Лайм,PRODUCT,FRUIT_CITRUS_TROPICAL,Фрукты / Цитрусовые и тропические,Жемістер / Цитрус және тропикалық,LEGACY_APPROVED
KAIDA-P0456,Грейпфрут,Грейпфрут,PRODUCT,FRUIT_CITRUS_TROPICAL,Фрукты / Цитрусовые и тропические,Жемістер / Цитрус және тропикалық,LEGACY_APPROVED
KAIDA-P0457,Помело,Помело,PRODUCT,FRUIT_CITRUS_TROPICAL,Фрукты / Цитрусовые и тропические,Жемістер / Цитрус және тропикалық,LEGACY_APPROVED
KAIDA-P0458,Кумкват,Кумкват,PRODUCT,FRUIT_CITRUS_TROPICAL,Фрукты / Цитрусовые и тропические,Жемістер / Цитрус және тропикалық,LEGACY_APPROVED
KAIDA-P0460,Банан,Банан,PRODUCT,FRUIT_CITRUS_TROPICAL,Фрукты / Цитрусовые и тропические,Жемістер / Цитрус және тропикалық,LEGACY_APPROVED
KAIDA-P0461,Манго,Манго,PRODUCT,FRUIT_CITRUS_TROPICAL,Фрукты / Цитрусовые и тропические,Жемістер / Цитрус және тропикалық,LEGACY_APPROVED
KAIDA-P0462,Авокадо,Авокадо,PRODUCT,FRUIT_CITRUS_TROPICAL,Фрукты / Цитрусовые и тропические,Жемістер / Цитрус және тропикалық,LEGACY_APPROVED
KAIDA-P0463,Киви,Киви,PRODUCT,FRUIT_CITRUS_TROPICAL,Фрукты / Цитрусовые и тропические,Жемістер / Цитрус және тропикалық,LEGACY_APPROVED
KAIDA-P0464,Ананас,Ананас,PRODUCT,FRUIT_CITRUS_TROPICAL,Фрукты / Цитрусовые и тропические,Жемістер / Цитрус және тропикалық,LEGACY_APPROVED
KAIDA-P0465,Папайя,Папайя,PRODUCT,FRUIT_CITRUS_TROPICAL,Фрукты / Цитрусовые и тропические,Жемістер / Цитрус және тропикалық,LEGACY_APPROVED
KAIDA-P0466,Маракуйя,Маракуйя,PRODUCT,FRUIT_CITRUS_TROPICAL,Фрукты / Цитрусовые и тропические,Жемістер / Цитрус және тропикалық,LEGACY_APPROVED
KAIDA-P0467,Питахайя,Питахайя,PRODUCT,FRUIT_CITRUS_TROPICAL,Фрукты / Цитрусовые и тропические,Жемістер / Цитрус және тропикалық,LEGACY_APPROVED
KAIDA-P0468,Личи,Личи,PRODUCT,FRUIT_CITRUS_TROPICAL,Фрукты / Цитрусовые и тропические,Жемістер / Цитрус және тропикалық,LEGACY_APPROVED
KAIDA-P0472,Фейхоа,Фейхоа,PRODUCT,FRUIT_CITRUS_TROPICAL,Фрукты / Цитрусовые и тропические,Жемістер / Цитрус және тропикалық,LEGACY_APPROVED
KAIDA-P0474,Кокос,Кокос,PRODUCT,FRUIT_CITRUS_TROPICAL,Фрукты / Цитрусовые и тропические,Жемістер / Цитрус және тропикалық,LEGACY_APPROVED
KAIDA-P0475,Финик свежий,Жаңа құрма,PRODUCT,FRUIT_CITRUS_TROPICAL,Фрукты / Цитрусовые и тропические,Жемістер / Цитрус және тропикалық,LEGACY_APPROVED
KAIDA-P0478,Арбуз,Қарбыз,PRODUCT,MELONS_GRAPES,Фрукты / Бахчевые и виноград,Жемістер / Бақша дақылдары және жүзім,LEGACY_APPROVED
KAIDA-P0479,Арбуз жёлтый,Сары қарбыз,PRODUCT,MELONS_GRAPES,Фрукты / Бахчевые и виноград,Жемістер / Бақша дақылдары және жүзім,LEGACY_APPROVED
KAIDA-P0480,Дыня,Қауын,PRODUCT,MELONS_GRAPES,Фрукты / Бахчевые и виноград,Жемістер / Бақша дақылдары және жүзім,LEGACY_APPROVED
KAIDA-P0481,Дыня торпеда,Торпеда қауыны,PRODUCT,MELONS_GRAPES,Фрукты / Бахчевые и виноград,Жемістер / Бақша дақылдары және жүзім,LEGACY_APPROVED
KAIDA-P0482,Дыня колхозница,Колхозница қауыны,PRODUCT,MELONS_GRAPES,Фрукты / Бахчевые и виноград,Жемістер / Бақша дақылдары және жүзім,LEGACY_APPROVED
KAIDA-P0483,Виноград белый,Ақ жүзім,PRODUCT,MELONS_GRAPES,Фрукты / Бахчевые и виноград,Жемістер / Бақша дақылдары және жүзім,LEGACY_APPROVED
KAIDA-P0484,Виноград чёрный,Қара жүзім,PRODUCT,MELONS_GRAPES,Фрукты / Бахчевые и виноград,Жемістер / Бақша дақылдары және жүзім,LEGACY_APPROVED
KAIDA-P0485,Виноград красный,Қызыл жүзім,PRODUCT,MELONS_GRAPES,Фрукты / Бахчевые и виноград,Жемістер / Бақша дақылдары және жүзім,LEGACY_APPROVED
KAIDA-P0486,Кишмиш,Кішміш,PRODUCT,MELONS_GRAPES,Фрукты / Бахчевые и виноград,Жемістер / Бақша дақылдары және жүзім,LEGACY_APPROVED
KAIDA-P0487,Клубника,Құлпынай,PRODUCT,BERRIES,Ягоды,Жидектер,LEGACY_APPROVED
KAIDA-P0488,Земляника,Бүлдірген,PRODUCT,BERRIES,Ягоды,Жидектер,LEGACY_APPROVED
KAIDA-P0489,Малина,Таңқурай,PRODUCT,BERRIES,Ягоды,Жидектер,LEGACY_APPROVED
KAIDA-P0490,Ежевика,Қара бүлдірген,PRODUCT,BERRIES,Ягоды,Жидектер,LEGACY_APPROVED
KAIDA-P0491,Голубика,Көкжидек,PRODUCT,BERRIES,Ягоды,Жидектер,LEGACY_APPROVED
KAIDA-P0492,Черника,Қаражидек,PRODUCT,BERRIES,Ягоды,Жидектер,LEGACY_APPROVED
KAIDA-P0493,Смородина чёрная,Қара қарақат,PRODUCT,BERRIES,Ягоды,Жидектер,LEGACY_APPROVED
KAIDA-P0494,Смородина красная,Қызыл қарақат,PRODUCT,BERRIES,Ягоды,Жидектер,LEGACY_APPROVED
KAIDA-P0496,Крыжовник,Қарлыған,PRODUCT,BERRIES,Ягоды,Жидектер,LEGACY_APPROVED
KAIDA-P0497,Облепиха,Шырғанақ,PRODUCT,BERRIES,Ягоды,Жидектер,LEGACY_APPROVED
KAIDA-P0498,Клюква,Мүкжидек,PRODUCT,BERRIES,Ягоды,Жидектер,LEGACY_APPROVED
KAIDA-P0501,Шелковица,Тұт,PRODUCT,BERRIES,Ягоды,Жидектер,LEGACY_APPROVED
KAIDA-P0502,Кизил,Қызыл,PRODUCT,BERRIES,Ягоды,Жидектер,LEGACY_APPROVED
KAIDA-P0505,Рис,Күріш,PRODUCT,GRAINS,"Крупы, зерно и хлопья","Жарма, дән және үлпек",LEGACY_APPROVED
KAIDA-P0506,Рис круглозёрный,Домалақ дәнді күріш,PRODUCT,GRAINS,"Крупы, зерно и хлопья","Жарма, дән және үлпек",LEGACY_APPROVED
KAIDA-P0507,Рис длиннозёрный,Ұзын дәнді күріш,PRODUCT,GRAINS,"Крупы, зерно и хлопья","Жарма, дән және үлпек",LEGACY_APPROVED
KAIDA-P0508,Рис басмати,Басмати күріші,PRODUCT,GRAINS,"Крупы, зерно и хлопья","Жарма, дән және үлпек",LEGACY_APPROVED
KAIDA-P0509,Рис жасмин,Жасмин күріші,PRODUCT,GRAINS,"Крупы, зерно и хлопья","Жарма, дән және үлпек",LEGACY_APPROVED
KAIDA-P0510,Рис девзира,Девзира күріші,PRODUCT,GRAINS,"Крупы, зерно и хлопья","Жарма, дән және үлпек",LEGACY_APPROVED
KAIDA-P0511,Рис бурый,Қоңыр күріш,PRODUCT,GRAINS,"Крупы, зерно и хлопья","Жарма, дән және үлпек",LEGACY_APPROVED
KAIDA-P0513,Гречка,Қарақұмық,PRODUCT,GRAINS,"Крупы, зерно и хлопья","Жарма, дән және үлпек",LEGACY_APPROVED
KAIDA-P0514,Овсянка,Сұлы жармасы,PRODUCT,GRAINS,"Крупы, зерно и хлопья","Жарма, дән және үлпек",LEGACY_APPROVED
KAIDA-P0515,Геркулес,Геркулес,PRODUCT,GRAINS,"Крупы, зерно и хлопья","Жарма, дән және үлпек",LEGACY_APPROVED
KAIDA-P0516,Пшено,Тары жармасы,PRODUCT,GRAINS,"Крупы, зерно и хлопья","Жарма, дән және үлпек",LEGACY_APPROVED
KAIDA-P0517,Тары,Тары,PRODUCT,GRAINS,"Крупы, зерно и хлопья","Жарма, дән және үлпек",LEGACY_APPROVED
KAIDA-P0518,Перловка,Арпа жармасы,PRODUCT,GRAINS,"Крупы, зерно и хлопья","Жарма, дән және үлпек",LEGACY_APPROVED
KAIDA-P0519,Ячневая крупа,Арпа ұнтағы,PRODUCT,GRAINS,"Крупы, зерно и хлопья","Жарма, дән және үлпек",LEGACY_APPROVED
KAIDA-P0520,Манная крупа,Ұнтақ жарма,PRODUCT,GRAINS,"Крупы, зерно и хлопья","Жарма, дән және үлпек",LEGACY_APPROVED
KAIDA-P0521,Кукурузная крупа,Жүгері жармасы,PRODUCT,GRAINS,"Крупы, зерно и хлопья","Жарма, дән және үлпек",LEGACY_APPROVED
KAIDA-P0522,Кукурузная мука крупного помола,Ірі тартылған жүгері ұны,PRODUCT,GRAINS,"Крупы, зерно и хлопья","Жарма, дән және үлпек",LEGACY_APPROVED
KAIDA-P0523,Булгур,Булгур,PRODUCT,GRAINS,"Крупы, зерно и хлопья","Жарма, дән және үлпек",LEGACY_APPROVED
KAIDA-P0524,Кускус,Кускус,PRODUCT,GRAINS,"Крупы, зерно и хлопья","Жарма, дән және үлпек",LEGACY_APPROVED
KAIDA-P0525,Киноа,Киноа,PRODUCT,GRAINS,"Крупы, зерно и хлопья","Жарма, дән және үлпек",LEGACY_APPROVED
KAIDA-P0528,Пшеничная крупа,Бидай жармасы,PRODUCT,GRAINS,"Крупы, зерно и хлопья","Жарма, дән және үлпек",LEGACY_APPROVED
KAIDA-P0529,Пшеничные хлопья,Бидай үлпектері,PRODUCT,GRAINS,"Крупы, зерно и хлопья","Жарма, дән және үлпек",LEGACY_APPROVED
KAIDA-P0531,Зелёная гречка,Жасыл қарақұмық,PRODUCT,GRAINS,"Крупы, зерно и хлопья","Жарма, дән және үлпек",LEGACY_APPROVED
KAIDA-P0532,Мука пшеничная,Бидай ұны,PRODUCT,FLOUR_PASTA,"Мука, тесто и макароны","Ұн, қамыр және макарон",LEGACY_APPROVED
KAIDA-P0533,Мука пшеничная цельнозерновая,Тұтас дәнді бидай ұны,PRODUCT,FLOUR_PASTA,"Мука, тесто и макароны","Ұн, қамыр және макарон",LEGACY_APPROVED
KAIDA-P0534,Мука ржаная,Қара бидай ұны,PRODUCT,FLOUR_PASTA,"Мука, тесто и макароны","Ұн, қамыр және макарон",LEGACY_APPROVED
KAIDA-P0535,Мука кукурузная,Жүгері ұны,PRODUCT,FLOUR_PASTA,"Мука, тесто и макароны","Ұн, қамыр және макарон",LEGACY_APPROVED
KAIDA-P0536,Мука рисовая,Күріш ұны,PRODUCT,FLOUR_PASTA,"Мука, тесто и макароны","Ұн, қамыр және макарон",LEGACY_APPROVED
KAIDA-P0537,Мука гречневая,Қарақұмық ұны,PRODUCT,FLOUR_PASTA,"Мука, тесто и макароны","Ұн, қамыр және макарон",LEGACY_APPROVED
KAIDA-P0538,Мука овсяная,Сұлы ұны,PRODUCT,FLOUR_PASTA,"Мука, тесто и макароны","Ұн, қамыр және макарон",LEGACY_APPROVED
KAIDA-P0539,Мука нутовая,Ноқат ұны,PRODUCT,FLOUR_PASTA,"Мука, тесто и макароны","Ұн, қамыр және макарон",LEGACY_APPROVED
KAIDA-P0541,Крахмал картофельный,Картоп крахмалы,PRODUCT,FLOUR_PASTA,"Мука, тесто и макароны","Ұн, қамыр және макарон",LEGACY_APPROVED
KAIDA-P0542,Крахмал кукурузный,Жүгері крахмалы,PRODUCT,FLOUR_PASTA,"Мука, тесто и макароны","Ұн, қамыр және макарон",LEGACY_APPROVED
KAIDA-P0543,Макароны,Макарон,PRODUCT,FLOUR_PASTA,"Мука, тесто и макароны","Ұн, қамыр және макарон",LEGACY_APPROVED
KAIDA-P0544,Спагетти,Спагетти,PRODUCT,FLOUR_PASTA,"Мука, тесто и макароны","Ұн, қамыр және макарон",LEGACY_APPROVED
KAIDA-P0547,Пенне,Пенне,PRODUCT,FLOUR_PASTA,"Мука, тесто и макароны","Ұн, қамыр және макарон",LEGACY_APPROVED
KAIDA-P0548,Фузилли,Фузилли,PRODUCT,FLOUR_PASTA,"Мука, тесто и макароны","Ұн, қамыр және макарон",LEGACY_APPROVED
KAIDA-P0549,Лапша яичная,Жұмыртқалы кеспе,PRODUCT,FLOUR_PASTA,"Мука, тесто и макароны","Ұн, қамыр және макарон",LEGACY_APPROVED
KAIDA-P0550,Лапша рисовая,Күріш кеспесі,PRODUCT,FLOUR_PASTA,"Мука, тесто и макароны","Ұн, қамыр және макарон",LEGACY_APPROVED
KAIDA-P0551,Лапша гречневая соба,Соба қарақұмық кеспесі,PRODUCT,FLOUR_PASTA,"Мука, тесто и макароны","Ұн, қамыр және макарон",LEGACY_APPROVED
KAIDA-P0552,Лапша удон,Удон кеспесі,PRODUCT,FLOUR_PASTA,"Мука, тесто и макароны","Ұн, қамыр және макарон",LEGACY_APPROVED
KAIDA-P0553,Фунчоза,Фунчоза,PRODUCT,FLOUR_PASTA,"Мука, тесто и макароны","Ұн, қамыр және макарон",LEGACY_APPROVED
KAIDA-P0554,Листы для лазаньи,Лазанья жапырақтары,PRODUCT,FLOUR_PASTA,"Мука, тесто и макароны","Ұн, қамыр және макарон",LEGACY_APPROVED
KAIDA-P0555,Тесто дрожжевое,Ашытқылы қамыр,PRODUCT,FLOUR_PASTA,"Мука, тесто и макароны","Ұн, қамыр және макарон",LEGACY_APPROVED
KAIDA-P0556,Тесто слоёное,Қатпарлы қамыр,PRODUCT,FLOUR_PASTA,"Мука, тесто и макароны","Ұн, қамыр және макарон",LEGACY_APPROVED
KAIDA-P0557,Тесто для пельменей,Тұшпара қамыры,PRODUCT,FLOUR_PASTA,"Мука, тесто и макароны","Ұн, қамыр және макарон",LEGACY_APPROVED
KAIDA-P0558,Тесто для бешбармака,Бесбармақ қамыры,PRODUCT,FLOUR_PASTA,"Мука, тесто и макароны","Ұн, қамыр және макарон",LEGACY_APPROVED
KAIDA-P0559,Лаваш листовой,Жұқа лаваш,PRODUCT,FLOUR_PASTA,"Мука, тесто и макароны","Ұн, қамыр және макарон",LEGACY_APPROVED
KAIDA-P0560,Фасоль белая,Ақ үрме бұршақ,PRODUCT,LEGUMES,Бобовые,Бұршақ тұқымдастар,LEGACY_APPROVED
KAIDA-P0561,Фасоль красная,Қызыл үрме бұршақ,PRODUCT,LEGUMES,Бобовые,Бұршақ тұқымдастар,LEGACY_APPROVED
KAIDA-P0562,Фасоль чёрная,Қара үрме бұршақ,PRODUCT,LEGUMES,Бобовые,Бұршақ тұқымдастар,LEGACY_APPROVED
KAIDA-P0563,Фасоль пёстрая,Ала үрме бұршақ,PRODUCT,LEGUMES,Бобовые,Бұршақ тұқымдастар,LEGACY_APPROVED
KAIDA-P0564,Фасоль маш,Маш,PRODUCT,LEGUMES,Бобовые,Бұршақ тұқымдастар,LEGACY_APPROVED
KAIDA-P0565,Горох сухой,Құрғақ асбұршақ,PRODUCT,LEGUMES,Бобовые,Бұршақ тұқымдастар,LEGACY_APPROVED
KAIDA-P0566,Горох колотый,Жарылған асбұршақ,PRODUCT,LEGUMES,Бобовые,Бұршақ тұқымдастар,LEGACY_APPROVED
KAIDA-P0567,Нут,Ноқат,PRODUCT,LEGUMES,Бобовые,Бұршақ тұқымдастар,LEGACY_APPROVED
KAIDA-P0568,Чечевица красная,Қызыл жасымық,PRODUCT,LEGUMES,Бобовые,Бұршақ тұқымдастар,LEGACY_APPROVED
KAIDA-P0569,Чечевица зелёная,Жасыл жасымық,PRODUCT,LEGUMES,Бобовые,Бұршақ тұқымдастар,LEGACY_APPROVED
KAIDA-P0570,Чечевица чёрная,Қара жасымық,PRODUCT,LEGUMES,Бобовые,Бұршақ тұқымдастар,LEGACY_APPROVED
KAIDA-P0571,Соя,Соя,PRODUCT,LEGUMES,Бобовые,Бұршақ тұқымдастар,LEGACY_APPROVED
KAIDA-P0573,Горох зелёный свежий,Жаңа жасыл асбұршақ,PRODUCT,LEGUMES,Бобовые,Бұршақ тұқымдастар,LEGACY_APPROVED
KAIDA-P0574,Стручковая фасоль,Жасыл бұршаққап,PRODUCT,LEGUMES,Бобовые,Бұршақ тұқымдастар,LEGACY_APPROVED
KAIDA-P0575,Грецкий орех,Грек жаңғағы,PRODUCT,NUTS_SEEDS,Орехи и семена,Жаңғақтар және тұқымдар,LEGACY_APPROVED
KAIDA-P0576,Миндаль,Бадам,PRODUCT,NUTS_SEEDS,Орехи и семена,Жаңғақтар және тұқымдар,LEGACY_APPROVED
KAIDA-P0577,Фундук,Орман жаңғағы,PRODUCT,NUTS_SEEDS,Орехи и семена,Жаңғақтар және тұқымдар,LEGACY_APPROVED
KAIDA-P0578,Фисташки,Пісте,PRODUCT,NUTS_SEEDS,Орехи и семена,Жаңғақтар және тұқымдар,LEGACY_APPROVED
KAIDA-P0579,Кешью,Кешью,PRODUCT,NUTS_SEEDS,Орехи и семена,Жаңғақтар және тұқымдар,LEGACY_APPROVED
KAIDA-P0580,Арахис,Жержаңғақ,PRODUCT,NUTS_SEEDS,Орехи и семена,Жаңғақтар және тұқымдар,LEGACY_APPROVED
KAIDA-P0581,Пекан,Пекан,PRODUCT,NUTS_SEEDS,Орехи и семена,Жаңғақтар және тұқымдар,LEGACY_APPROVED
KAIDA-P0582,Макадамия,Макадамия,PRODUCT,NUTS_SEEDS,Орехи и семена,Жаңғақтар және тұқымдар,LEGACY_APPROVED
KAIDA-P0583,Бразильский орех,Бразилия жаңғағы,PRODUCT,NUTS_SEEDS,Орехи и семена,Жаңғақтар және тұқымдар,LEGACY_APPROVED
KAIDA-P0584,Кедровый орех,Самырсын жаңғағы,PRODUCT,NUTS_SEEDS,Орехи и семена,Жаңғақтар және тұқымдар,LEGACY_APPROVED
KAIDA-P0585,Кокосовая стружка,Кокос үгіндісі,PRODUCT,NUTS_SEEDS,Орехи и семена,Жаңғақтар және тұқымдар,LEGACY_APPROVED
KAIDA-P0586,Семечки подсолнечника,Күнбағыс дәні,PRODUCT,NUTS_SEEDS,Орехи и семена,Жаңғақтар және тұқымдар,LEGACY_APPROVED
KAIDA-P0587,Тыквенные семечки,Асқабақ дәні,PRODUCT,NUTS_SEEDS,Орехи и семена,Жаңғақтар және тұқымдар,LEGACY_APPROVED
KAIDA-P0588,Кунжут белый,Ақ күнжіт,PRODUCT,NUTS_SEEDS,Орехи и семена,Жаңғақтар және тұқымдар,LEGACY_APPROVED
KAIDA-P0589,Кунжут чёрный,Қара күнжіт,PRODUCT,NUTS_SEEDS,Орехи и семена,Жаңғақтар және тұқымдар,LEGACY_APPROVED
KAIDA-P0590,Семена льна,Зығыр тұқымы,PRODUCT,NUTS_SEEDS,Орехи и семена,Жаңғақтар және тұқымдар,LEGACY_APPROVED
KAIDA-P0591,Семена чиа,Чиа тұқымы,PRODUCT,NUTS_SEEDS,Орехи и семена,Жаңғақтар және тұқымдар,LEGACY_APPROVED
KAIDA-P0593,Мак пищевой,Тағамдық көкнәр,PRODUCT,NUTS_SEEDS,Орехи и семена,Жаңғақтар және тұқымдар,LEGACY_APPROVED
KAIDA-P0594,Курага,Кептірілген өрік,PRODUCT,DRIED,Сухофрукты,Кептірілген жемістер,LEGACY_APPROVED
KAIDA-P0595,Урюк сушёный,Кептірілген сүйекті өрік,PRODUCT,DRIED,Сухофрукты,Кептірілген жемістер,LEGACY_APPROVED
KAIDA-P0596,Изюм светлый,Ақ мейіз,PRODUCT,DRIED,Сухофрукты,Кептірілген жемістер,LEGACY_APPROVED
KAIDA-P0597,Изюм тёмный,Қара мейіз,PRODUCT,DRIED,Сухофрукты,Кептірілген жемістер,LEGACY_APPROVED
KAIDA-P0598,Кишмиш сушёный,Кептірілген кішміш,PRODUCT,DRIED,Сухофрукты,Кептірілген жемістер,LEGACY_APPROVED
KAIDA-P0599,Чернослив,Қара өрік,PRODUCT,DRIED,Сухофрукты,Кептірілген жемістер,LEGACY_APPROVED
KAIDA-P0600,Финики сушёные,Кептірілген құрма,PRODUCT,DRIED,Сухофрукты,Кептірілген жемістер,LEGACY_APPROVED
KAIDA-P0601,Инжир сушёный,Кептірілген інжір,PRODUCT,DRIED,Сухофрукты,Кептірілген жемістер,LEGACY_APPROVED
KAIDA-P0602,Яблоки сушёные,Кептірілген алма,PRODUCT,DRIED,Сухофрукты,Кептірілген жемістер,LEGACY_APPROVED
KAIDA-P0603,Груши сушёные,Кептірілген алмұрт,PRODUCT,DRIED,Сухофрукты,Кептірілген жемістер,LEGACY_APPROVED
KAIDA-P0604,Дыня сушёная,Кептірілген қауын,PRODUCT,DRIED,Сухофрукты,Кептірілген жемістер,LEGACY_APPROVED
KAIDA-P0605,Манго сушёное,Кептірілген манго,PRODUCT,DRIED,Сухофрукты,Кептірілген жемістер,LEGACY_APPROVED
KAIDA-P0606,Банан сушёный,Кептірілген банан,PRODUCT,DRIED,Сухофрукты,Кептірілген жемістер,LEGACY_APPROVED
KAIDA-P0607,Клюква сушёная,Кептірілген мүкжидек,PRODUCT,DRIED,Сухофрукты,Кептірілген жемістер,LEGACY_APPROVED
KAIDA-P0608,Вишня сушёная,Кептірілген шие,PRODUCT,DRIED,Сухофрукты,Кептірілген жемістер,LEGACY_APPROVED
KAIDA-P0609,Цукаты,Қантталған жемістер,PRODUCT,DRIED,Сухофрукты,Кептірілген жемістер,LEGACY_APPROVED
KAIDA-P0610,Соль пищевая,Ас тұзы,PRODUCT,SPICES,Специи и пряности,Дәмдеуіштер,LEGACY_APPROVED
KAIDA-P0611,Соль морская,Теңіз тұзы,PRODUCT,SPICES,Специи и пряности,Дәмдеуіштер,LEGACY_APPROVED
KAIDA-P0612,Соль розовая гималайская,Қызғылт Гималай тұзы,PRODUCT,SPICES,Специи и пряности,Дәмдеуіштер,LEGACY_APPROVED
KAIDA-P0613,Сахар белый,Ақ қант,PRODUCT,SPICES,Специи и пряности,Дәмдеуіштер,LEGACY_APPROVED
KAIDA-P0614,Сахар тростниковый,Құрақ қанты,PRODUCT,SPICES,Специи и пряности,Дәмдеуіштер,LEGACY_APPROVED
KAIDA-P0615,Перец чёрный,Қара бұрыш,PRODUCT,SPICES,Специи и пряности,Дәмдеуіштер,LEGACY_APPROVED
KAIDA-P0616,Перец белый,Ақ бұрыш,PRODUCT,SPICES,Специи и пряности,Дәмдеуіштер,LEGACY_APPROVED
KAIDA-P0617,Перец красный молотый,Ұнтақталған қызыл бұрыш,PRODUCT,SPICES,Специи и пряности,Дәмдеуіштер,LEGACY_APPROVED
KAIDA-P0618,Паприка сладкая,Тәтті паприка,PRODUCT,SPICES,Специи и пряности,Дәмдеуіштер,LEGACY_APPROVED
KAIDA-P0619,Паприка копчёная,Ысталған паприка,PRODUCT,SPICES,Специи и пряности,Дәмдеуіштер,LEGACY_APPROVED
KAIDA-P0620,Кайенский перец,Кайен бұрышы,PRODUCT,SPICES,Специи и пряности,Дәмдеуіштер,LEGACY_APPROVED
KAIDA-P0621,Чили хлопья,Чили үлпектері,PRODUCT,SPICES,Специи и пряности,Дәмдеуіштер,LEGACY_APPROVED
KAIDA-P0622,Зира,Зире,PRODUCT,SPICES,Специи и пряности,Дәмдеуіштер,LEGACY_APPROVED
KAIDA-P0623,Кориандр семена,Күнзе тұқымы,PRODUCT,SPICES,Специи и пряности,Дәмдеуіштер,LEGACY_APPROVED
KAIDA-P0624,Куркума молотая,Ұнтақталған куркума,PRODUCT,SPICES,Специи и пряности,Дәмдеуіштер,LEGACY_APPROVED
KAIDA-P0625,Имбирь молотый,Ұнтақталған зімбір,PRODUCT,SPICES,Специи и пряности,Дәмдеуіштер,LEGACY_APPROVED
KAIDA-P0626,Корица,Даршын,PRODUCT,SPICES,Специи и пряности,Дәмдеуіштер,LEGACY_APPROVED
KAIDA-P0627,Гвоздика специя,Қалампыр дәмдеуіші,PRODUCT,SPICES,Специи и пряности,Дәмдеуіштер,LEGACY_APPROVED
KAIDA-P0628,Кардамон,Кардамон,PRODUCT,SPICES,Специи и пряности,Дәмдеуіштер,LEGACY_APPROVED
KAIDA-P0629,Мускатный орех,Мускат жаңғағы,PRODUCT,SPICES,Специи и пряности,Дәмдеуіштер,LEGACY_APPROVED
KAIDA-P0630,Бадьян,Жұлдызды анис,PRODUCT,SPICES,Специи и пряности,Дәмдеуіштер,LEGACY_APPROVED
KAIDA-P0631,Анис,Анис,PRODUCT,SPICES,Специи и пряности,Дәмдеуіштер,LEGACY_APPROVED
KAIDA-P0632,Шафран,Шафран,PRODUCT,SPICES,Специи и пряности,Дәмдеуіштер,LEGACY_APPROVED
KAIDA-P0633,Сумах,Сумах,PRODUCT,SPICES,Специи и пряности,Дәмдеуіштер,LEGACY_APPROVED
KAIDA-P0634,Барбарис сушёный,Кептірілген бөріқарақат,PRODUCT,SPICES,Специи и пряности,Дәмдеуіштер,LEGACY_APPROVED
KAIDA-P0635,Лавровый лист,Лавр жапырағы,PRODUCT,SPICES,Специи и пряности,Дәмдеуіштер,LEGACY_APPROVED
KAIDA-P0636,Орегано сушёный,Кептірілген орегано,PRODUCT,SPICES,Специи и пряности,Дәмдеуіштер,LEGACY_APPROVED
KAIDA-P0637,Базилик сушёный,Кептірілген райхан,PRODUCT,SPICES,Специи и пряности,Дәмдеуіштер,LEGACY_APPROVED
KAIDA-P0638,Тимьян сушёный,Кептірілген тасшөп,PRODUCT,SPICES,Специи и пряности,Дәмдеуіштер,LEGACY_APPROVED
KAIDA-P0639,Розмарин сушёный,Кептірілген розмарин,PRODUCT,SPICES,Специи и пряности,Дәмдеуіштер,LEGACY_APPROVED
KAIDA-P0640,Хмели-сунели,Хмели-сунели,PRODUCT,SPICES,Специи и пряности,Дәмдеуіштер,LEGACY_APPROVED
KAIDA-P0641,Прованские травы,Прованс шөптері,PRODUCT,SPICES,Специи и пряности,Дәмдеуіштер,LEGACY_APPROVED
KAIDA-P0642,Смесь перцев,Бұрыш қоспасы,PRODUCT,SPICES,Специи и пряности,Дәмдеуіштер,LEGACY_APPROVED
KAIDA-P0643,Масло подсолнечное,Күнбағыс майы,PRODUCT,OILS,Масла и жиры,Майлар,LEGACY_APPROVED
KAIDA-P0644,Масло подсолнечное нерафинированное,Тазартылмаған күнбағыс майы,PRODUCT,OILS,Масла и жиры,Майлар,LEGACY_APPROVED
KAIDA-P0645,Масло оливковое,Зәйтүн майы,PRODUCT,OILS,Масла и жиры,Майлар,LEGACY_APPROVED
KAIDA-P0646,Масло оливковое extra virgin,Extra virgin зәйтүн майы,PRODUCT,OILS,Масла и жиры,Майлар,LEGACY_APPROVED
KAIDA-P0647,Масло кукурузное,Жүгері майы,PRODUCT,OILS,Масла и жиры,Майлар,LEGACY_APPROVED
KAIDA-P0649,Масло хлопковое,Мақта майы,PRODUCT,OILS,Масла и жиры,Майлар,LEGACY_APPROVED
KAIDA-P0650,Масло кунжутное,Күнжіт майы,PRODUCT,OILS,Масла и жиры,Майлар,LEGACY_APPROVED
KAIDA-P0651,Масло льняное,Зығыр майы,PRODUCT,OILS,Масла и жиры,Майлар,LEGACY_APPROVED
KAIDA-P0653,Масло кокосовое,Кокос майы,PRODUCT,OILS,Масла и жиры,Майлар,LEGACY_APPROVED
KAIDA-P0655,Жир говяжий топлёный,Ерітілген сиыр майы,PRODUCT,OILS,Масла и жиры,Майлар,LEGACY_APPROVED
KAIDA-P0656,Жир бараний топлёный,Ерітілген қой майы,PRODUCT,OILS,Масла и жиры,Майлар,LEGACY_APPROVED
KAIDA-P0657,Уксус столовый,Ас сірке суы,PRODUCT,SAUCES,"Соусы, уксусы и приправы","Тұздықтар, сірке суы және дәмдеуіштер",LEGACY_APPROVED
KAIDA-P0658,Уксус яблочный,Алма сірке суы,PRODUCT,SAUCES,"Соусы, уксусы и приправы","Тұздықтар, сірке суы және дәмдеуіштер",LEGACY_APPROVED
KAIDA-P0659,Уксус винный красный,Қызыл шарап сірке суы,PRODUCT,SAUCES,"Соусы, уксусы и приправы","Тұздықтар, сірке суы және дәмдеуіштер",LEGACY_APPROVED
KAIDA-P0660,Уксус винный белый,Ақ шарап сірке суы,PRODUCT,SAUCES,"Соусы, уксусы и приправы","Тұздықтар, сірке суы және дәмдеуіштер",LEGACY_APPROVED
KAIDA-P0661,Уксус рисовый,Күріш сірке суы,PRODUCT,SAUCES,"Соусы, уксусы и приправы","Тұздықтар, сірке суы және дәмдеуіштер",LEGACY_APPROVED
KAIDA-P0662,Бальзамический уксус,Бальзам сірке суы,PRODUCT,SAUCES,"Соусы, уксусы и приправы","Тұздықтар, сірке суы және дәмдеуіштер",LEGACY_APPROVED
KAIDA-P0663,Соевый соус,Соя тұздығы,PRODUCT,SAUCES,"Соусы, уксусы и приправы","Тұздықтар, сірке суы және дәмдеуіштер",LEGACY_APPROVED
KAIDA-P0664,Рыбный соус,Балық тұздығы,PRODUCT,SAUCES,"Соусы, уксусы и приправы","Тұздықтар, сірке суы және дәмдеуіштер",LEGACY_APPROVED
KAIDA-P0665,Устричный соус,Устрица тұздығы,PRODUCT,SAUCES,"Соусы, уксусы и приправы","Тұздықтар, сірке суы және дәмдеуіштер",LEGACY_APPROVED
KAIDA-P0666,Терияки соус,Терияки тұздығы,PRODUCT,SAUCES,"Соусы, уксусы и приправы","Тұздықтар, сірке суы және дәмдеуіштер",LEGACY_APPROVED
KAIDA-P0667,Кетчуп,Кетчуп,PRODUCT,SAUCES,"Соусы, уксусы и приправы","Тұздықтар, сірке суы және дәмдеуіштер",LEGACY_APPROVED
KAIDA-P0668,Майонез,Майонез,PRODUCT,SAUCES,"Соусы, уксусы и приправы","Тұздықтар, сірке суы және дәмдеуіштер",LEGACY_APPROVED
KAIDA-P0669,Горчица,Қыша,PRODUCT,SAUCES,"Соусы, уксусы и приправы","Тұздықтар, сірке суы және дәмдеуіштер",LEGACY_APPROVED
KAIDA-P0670,Горчица дижонская,Дижон қышасы,PRODUCT,SAUCES,"Соусы, уксусы и приправы","Тұздықтар, сірке суы және дәмдеуіштер",LEGACY_APPROVED
KAIDA-P0671,Хрен столовый,Асханалық ақжелкек,PRODUCT,SAUCES,"Соусы, уксусы и приправы","Тұздықтар, сірке суы және дәмдеуіштер",LEGACY_APPROVED
KAIDA-P0672,Аджика,Аджика,PRODUCT,SAUCES,"Соусы, уксусы и приправы","Тұздықтар, сірке суы және дәмдеуіштер",LEGACY_APPROVED
KAIDA-P0673,Ткемали,Ткемали,PRODUCT,SAUCES,"Соусы, уксусы и приправы","Тұздықтар, сірке суы және дәмдеуіштер",LEGACY_APPROVED
KAIDA-P0674,Наршараб,Наршараб,PRODUCT,SAUCES,"Соусы, уксусы и приправы","Тұздықтар, сірке суы және дәмдеуіштер",LEGACY_APPROVED
KAIDA-P0675,Сацебели,Сацебели,PRODUCT,SAUCES,"Соусы, уксусы и приправы","Тұздықтар, сірке суы және дәмдеуіштер",LEGACY_APPROVED
KAIDA-P0676,Песто,Песто,PRODUCT,SAUCES,"Соусы, уксусы и приправы","Тұздықтар, сірке суы және дәмдеуіштер",LEGACY_APPROVED
KAIDA-P0677,Тахини,Тахини,PRODUCT,SAUCES,"Соусы, уксусы и приправы","Тұздықтар, сірке суы және дәмдеуіштер",LEGACY_APPROVED
KAIDA-P0678,Томатная паста,Томат пастасы,PRODUCT,SAUCES,"Соусы, уксусы и приправы","Тұздықтар, сірке суы және дәмдеуіштер",LEGACY_APPROVED
KAIDA-P0679,Хлеб пшеничный,Бидай наны,PRODUCT,BREAD,Хлеб и выпечка,Нан және пісірме,LEGACY_APPROVED
KAIDA-P0680,Хлеб ржаной,Қара бидай наны,PRODUCT,BREAD,Хлеб и выпечка,Нан және пісірме,LEGACY_APPROVED
KAIDA-P0681,Хлеб цельнозерновой,Тұтас дәнді нан,PRODUCT,BREAD,Хлеб и выпечка,Нан және пісірме,LEGACY_APPROVED
KAIDA-P0682,Хлеб отрубной,Кебекті нан,PRODUCT,BREAD,Хлеб и выпечка,Нан және пісірме,LEGACY_APPROVED
KAIDA-P0683,Батон,Батон,PRODUCT,BREAD,Хлеб и выпечка,Нан және пісірме,LEGACY_APPROVED
KAIDA-P0684,Багет,Багет,PRODUCT,BREAD,Хлеб и выпечка,Нан және пісірме,LEGACY_APPROVED
KAIDA-P0685,Лаваш,Лаваш,PRODUCT,BREAD,Хлеб и выпечка,Нан және пісірме,LEGACY_APPROVED
KAIDA-P0686,Тандырная лепёшка,Тандыр наны,PRODUCT,BREAD,Хлеб и выпечка,Нан және пісірме,LEGACY_APPROVED
KAIDA-P0687,Лепёшка,Таба нан,PRODUCT,BREAD,Хлеб и выпечка,Нан және пісірме,LEGACY_APPROVED
KAIDA-P0688,Шелпек,Шелпек,PRODUCT,BREAD,Хлеб и выпечка,Нан және пісірме,LEGACY_APPROVED
KAIDA-P0689,Баурсак,Бауырсақ,PRODUCT,BREAD,Хлеб и выпечка,Нан және пісірме,LEGACY_APPROVED
KAIDA-P0690,Самса,Самса,PRODUCT,BREAD,Хлеб и выпечка,Нан және пісірме,LEGACY_APPROVED
KAIDA-P0691,Пирожок,Бәліш,PRODUCT,BREAD,Хлеб и выпечка,Нан және пісірме,LEGACY_APPROVED
KAIDA-P0692,Слойка,Қатпарлы бәліш,PRODUCT,BREAD,Хлеб и выпечка,Нан және пісірме,LEGACY_APPROVED
KAIDA-P0693,Круассан,Круассан,PRODUCT,BREAD,Хлеб и выпечка,Нан және пісірме,LEGACY_APPROVED
KAIDA-P0694,Сухари,Кепкен нан,PRODUCT,BREAD,Хлеб и выпечка,Нан және пісірме,LEGACY_APPROVED
KAIDA-P0695,Панировочные сухари,Нан үгіндісі,PRODUCT,BREAD,Хлеб и выпечка,Нан және пісірме,LEGACY_APPROVED
KAIDA-P0696,Мёд цветочный,Гүл балы,PRODUCT,HONEY_PRESERVES,"Мёд, варенье и пасты","Бал, тосап және пасталар",LEGACY_APPROVED
KAIDA-P0697,Мёд горный,Тау балы,PRODUCT,HONEY_PRESERVES,"Мёд, варенье и пасты","Бал, тосап және пасталар",LEGACY_APPROVED
KAIDA-P0698,Мёд гречишный,Қарақұмық балы,PRODUCT,HONEY_PRESERVES,"Мёд, варенье и пасты","Бал, тосап және пасталар",LEGACY_APPROVED
KAIDA-P0699,Мёд липовый,Жөке балы,PRODUCT,HONEY_PRESERVES,"Мёд, варенье и пасты","Бал, тосап және пасталар",LEGACY_APPROVED
KAIDA-P0701,Мёд акациевый,Акация балы,PRODUCT,HONEY_PRESERVES,"Мёд, варенье и пасты","Бал, тосап және пасталар",LEGACY_APPROVED
KAIDA-P0702,Мёд хлопковый,Мақта балы,PRODUCT,HONEY_PRESERVES,"Мёд, варенье и пасты","Бал, тосап және пасталар",LEGACY_APPROVED
KAIDA-P0703,Соты медовые,Бал ұясы,PRODUCT,HONEY_PRESERVES,"Мёд, варенье и пасты","Бал, тосап және пасталар",LEGACY_APPROVED
KAIDA-P0704,Варенье клубничное,Құлпынай тосабы,PRODUCT,HONEY_PRESERVES,"Мёд, варенье и пасты","Бал, тосап және пасталар",LEGACY_APPROVED
KAIDA-P0705,Варенье малиновое,Таңқурай тосабы,PRODUCT,HONEY_PRESERVES,"Мёд, варенье и пасты","Бал, тосап және пасталар",LEGACY_APPROVED
KAIDA-P0706,Варенье абрикосовое,Өрік тосабы,PRODUCT,HONEY_PRESERVES,"Мёд, варенье и пасты","Бал, тосап және пасталар",LEGACY_APPROVED
KAIDA-P0707,Варенье вишнёвое,Шие тосабы,PRODUCT,HONEY_PRESERVES,"Мёд, варенье и пасты","Бал, тосап және пасталар",LEGACY_APPROVED
KAIDA-P0708,Варенье из грецкого ореха,Грек жаңғағы тосабы,PRODUCT,HONEY_PRESERVES,"Мёд, варенье и пасты","Бал, тосап және пасталар",LEGACY_APPROVED
KAIDA-P0710,Арахисовая паста,Жержаңғақ пастасы,PRODUCT,HONEY_PRESERVES,"Мёд, варенье и пасты","Бал, тосап және пасталар",LEGACY_APPROVED
KAIDA-P0711,Вода питьевая,Ауыз су,PRODUCT,BEVERAGES,Безалкогольные напитки и основы,Алкогольсіз сусындар және негіздер,LEGACY_APPROVED
KAIDA-P0712,Вода минеральная,Минералды су,PRODUCT,BEVERAGES,Безалкогольные напитки и основы,Алкогольсіз сусындар және негіздер,LEGACY_APPROVED
KAIDA-P0713,Вода газированная,Газдалған су,PRODUCT,BEVERAGES,Безалкогольные напитки и основы,Алкогольсіз сусындар және негіздер,LEGACY_APPROVED
KAIDA-P0714,Сок яблочный,Алма шырыны,PRODUCT,BEVERAGES,Безалкогольные напитки и основы,Алкогольсіз сусындар және негіздер,LEGACY_APPROVED
KAIDA-P0715,Сок апельсиновый,Апельсин шырыны,PRODUCT,BEVERAGES,Безалкогольные напитки и основы,Алкогольсіз сусындар және негіздер,LEGACY_APPROVED
KAIDA-P0716,Сок томатный,Қызанақ шырыны,PRODUCT,BEVERAGES,Безалкогольные напитки и основы,Алкогольсіз сусындар және негіздер,LEGACY_APPROVED
KAIDA-P0717,Сок гранатовый,Анар шырыны,PRODUCT,BEVERAGES,Безалкогольные напитки и основы,Алкогольсіз сусындар және негіздер,LEGACY_APPROVED
KAIDA-P0718,Морс ягодный,Жидек морсы,PRODUCT,BEVERAGES,Безалкогольные напитки и основы,Алкогольсіз сусындар және негіздер,LEGACY_APPROVED
KAIDA-P0719,Компот,Компот,PRODUCT,BEVERAGES,Безалкогольные напитки и основы,Алкогольсіз сусындар және негіздер,LEGACY_APPROVED
KAIDA-P0720,Квас,Квас,PRODUCT,BEVERAGES,Безалкогольные напитки и основы,Алкогольсіз сусындар және негіздер,LEGACY_APPROVED
KAIDA-P0721,Лимонад,Лимонад,PRODUCT,BEVERAGES,Безалкогольные напитки и основы,Алкогольсіз сусындар және негіздер,LEGACY_APPROVED
KAIDA-P0722,Тархун напиток,Тархун сусыны,PRODUCT,BEVERAGES,Безалкогольные напитки и основы,Алкогольсіз сусындар және негіздер,LEGACY_APPROVED
KAIDA-P0724,Чай чёрный,Қара шай,PRODUCT,TEA_COFFEE,"Чай, кофе, какао","Шай, кофе, какао",LEGACY_APPROVED
KAIDA-P0725,Чай зелёный,Көк шай,PRODUCT,TEA_COFFEE,"Чай, кофе, какао","Шай, кофе, какао",LEGACY_APPROVED
KAIDA-P0726,Чай белый,Ақ шай,PRODUCT,TEA_COFFEE,"Чай, кофе, какао","Шай, кофе, какао",LEGACY_APPROVED
KAIDA-P0727,Чай улун,Улун шайы,PRODUCT,TEA_COFFEE,"Чай, кофе, какао","Шай, кофе, какао",LEGACY_APPROVED
KAIDA-P0728,Чай пуэр,Пуэр шайы,PRODUCT,TEA_COFFEE,"Чай, кофе, какао","Шай, кофе, какао",LEGACY_APPROVED
KAIDA-P0729,Чай травяной,Шөп шайы,PRODUCT,TEA_COFFEE,"Чай, кофе, какао","Шай, кофе, какао",LEGACY_APPROVED
KAIDA-P0730,Чай фруктовый,Жеміс шайы,PRODUCT,TEA_COFFEE,"Чай, кофе, какао","Шай, кофе, какао",LEGACY_APPROVED
KAIDA-P0732,Каркаде,Каркаде,PRODUCT,TEA_COFFEE,"Чай, кофе, какао","Шай, кофе, какао",LEGACY_APPROVED
KAIDA-P0733,Кофе в зернах,Дәнді кофе,PRODUCT,TEA_COFFEE,"Чай, кофе, какао","Шай, кофе, какао",LEGACY_APPROVED
KAIDA-P0734,Кофе молотый,Ұнтақталған кофе,PRODUCT,TEA_COFFEE,"Чай, кофе, какао","Шай, кофе, какао",LEGACY_APPROVED
KAIDA-P0735,Кофе растворимый,Еритін кофе,PRODUCT,TEA_COFFEE,"Чай, кофе, какао","Шай, кофе, какао",LEGACY_APPROVED
KAIDA-P0737,Кофейные капсулы,Кофе капсулалары,PRODUCT,TEA_COFFEE,"Чай, кофе, какао","Шай, кофе, какао",LEGACY_APPROVED
KAIDA-P0738,Какао-порошок,Какао ұнтағы,PRODUCT,TEA_COFFEE,"Чай, кофе, какао","Шай, кофе, какао",LEGACY_APPROVED
KAIDA-P0740,Цикорий,Цикорий,PRODUCT,TEA_COFFEE,"Чай, кофе, какао","Шай, кофе, какао",LEGACY_APPROVED
KAIDA-P0741,Сузбе,Сүзбе,PRODUCT,TRADITIONAL,Традиционные и фермерские продукты,Дәстүрлі және фермерлік өнімдер,LEGACY_APPROVED
KAIDA-P0742,Иримшик,Ірімшік,PRODUCT,TRADITIONAL,Традиционные и фермерские продукты,Дәстүрлі және фермерлік өнімдер,LEGACY_APPROVED
KAIDA-P0743,Сарысу,Сарысу,PRODUCT,TRADITIONAL,Традиционные и фермерские продукты,Дәстүрлі және фермерлік өнімдер,LEGACY_APPROVED
KAIDA-P0744,Балкаймак домашний,Үй балқаймағы,PRODUCT,TRADITIONAL,Традиционные и фермерские продукты,Дәстүрлі және фермерлік өнімдер,LEGACY_APPROVED
KAIDA-P0745,Коспа,Қоспа,PRODUCT,TRADITIONAL,Традиционные и фермерские продукты,Дәстүрлі және фермерлік өнімдер,LEGACY_APPROVED
KAIDA-P0746,Талкан,Талқан,PRODUCT,TRADITIONAL,Традиционные и фермерские продукты,Дәстүрлі және фермерлік өнімдер,LEGACY_APPROVED
KAIDA-P0747,Тары жареное,Қуырылған тары,PRODUCT,TRADITIONAL,Традиционные и фермерские продукты,Дәстүрлі және фермерлік өнімдер,LEGACY_APPROVED
KAIDA-P0748,Пшеница жареная,Қуырылған бидай,PRODUCT,TRADITIONAL,Традиционные и фермерские продукты,Дәстүрлі және фермерлік өнімдер,LEGACY_APPROVED
KAIDA-P0749,Курт копчёный,Ысталған құрт,PRODUCT,TRADITIONAL,Традиционные и фермерские продукты,Дәстүрлі және фермерлік өнімдер,LEGACY_APPROVED
KAIDA-P0750,Курт солёный,Тұзды құрт,PRODUCT,TRADITIONAL,Традиционные и фермерские продукты,Дәстүрлі және фермерлік өнімдер,LEGACY_APPROVED
KAIDA-P0751,Курт мягкий,Жұмсақ құрт,PRODUCT,TRADITIONAL,Традиционные и фермерские продукты,Дәстүрлі және фермерлік өнімдер,LEGACY_APPROVED
KAIDA-P0752,Кумыс саумал,Саумал,PRODUCT,TRADITIONAL,Традиционные и фермерские продукты,Дәстүрлі және фермерлік өнімдер,LEGACY_APPROVED
KAIDA-P0753,Кумыс выдержанный,Піскен қымыз,PRODUCT,TRADITIONAL,Традиционные и фермерские продукты,Дәстүрлі және фермерлік өнімдер,LEGACY_APPROVED
KAIDA-P0754,Шубат фермерский,Фермерлік шұбат,PRODUCT,TRADITIONAL,Традиционные и фермерские продукты,Дәстүрлі және фермерлік өнімдер,LEGACY_APPROVED
KAIDA-P0755,Сметана домашняя,Үй қаймағы,PRODUCT,TRADITIONAL,Традиционные и фермерские продукты,Дәстүрлі және фермерлік өнімдер,LEGACY_APPROVED
KAIDA-P0756,Творог домашний,Үй сүзбесі,PRODUCT,TRADITIONAL,Традиционные и фермерские продукты,Дәстүрлі және фермерлік өнімдер,LEGACY_APPROVED
KAIDA-P0757,Масло сливочное домашнее,Үй сары майы,PRODUCT,TRADITIONAL,Традиционные и фермерские продукты,Дәстүрлі және фермерлік өнімдер,LEGACY_APPROVED
KAIDA-P0758,Молоко фермерское,Фермерлік сүт,PRODUCT,TRADITIONAL,Традиционные и фермерские продукты,Дәстүрлі және фермерлік өнімдер,LEGACY_APPROVED
KAIDA-P0759,Огурцы солёные,Тұздалған қияр,PRODUCT,PICKLES,Соленья и ферментация,Тұздалған және ашытылған өнімдер,LEGACY_APPROVED
KAIDA-P0760,Огурцы маринованные,Маринадталған қияр,PRODUCT,PICKLES,Соленья и ферментация,Тұздалған және ашытылған өнімдер,LEGACY_APPROVED
KAIDA-P0761,Помидоры солёные,Тұздалған қызанақ,PRODUCT,PICKLES,Соленья и ферментация,Тұздалған және ашытылған өнімдер,LEGACY_APPROVED
KAIDA-P0762,Помидоры маринованные,Маринадталған қызанақ,PRODUCT,PICKLES,Соленья и ферментация,Тұздалған және ашытылған өнімдер,LEGACY_APPROVED
KAIDA-P0763,Капуста квашеная,Ашытылған қырыққабат,PRODUCT,PICKLES,Соленья и ферментация,Тұздалған және ашытылған өнімдер,LEGACY_APPROVED
KAIDA-P0764,Кимчи,Кимчи,PRODUCT,PICKLES,Соленья и ферментация,Тұздалған және ашытылған өнімдер,LEGACY_APPROVED
KAIDA-P0765,Чеснок маринованный,Маринадталған сарымсақ,PRODUCT,PICKLES,Соленья и ферментация,Тұздалған және ашытылған өнімдер,LEGACY_APPROVED
KAIDA-P0766,Черемша маринованная,Маринадталған жабайы сарымсақ,PRODUCT,PICKLES,Соленья и ферментация,Тұздалған және ашытылған өнімдер,LEGACY_APPROVED
KAIDA-P0767,Перец маринованный,Маринадталған бұрыш,PRODUCT,PICKLES,Соленья и ферментация,Тұздалған және ашытылған өнімдер,LEGACY_APPROVED
KAIDA-P0768,Оливки,Зәйтүн,PRODUCT,PICKLES,Соленья и ферментация,Тұздалған және ашытылған өнімдер,LEGACY_APPROVED
KAIDA-P0769,Маслины,Қара зәйтүн,PRODUCT,PICKLES,Соленья и ферментация,Тұздалған және ашытылған өнімдер,LEGACY_APPROVED
KAIDA-P0771,Маринованные грибы,Маринадталған саңырауқұлақ,PRODUCT,PICKLES,Соленья и ферментация,Тұздалған және ашытылған өнімдер,LEGACY_APPROVED
KAIDA-P0772,Солёные грибы,Тұздалған саңырауқұлақ,PRODUCT,PICKLES,Соленья и ферментация,Тұздалған және ашытылған өнімдер,LEGACY_APPROVED
KAIDA-P0773,Говядина для бешбармака,Бесбармаққа арналған сиыр еті,PRODUCT,MEAT_BEEF,Мясо / Говядина,Ет / Сиыр еті,LEGACY_APPROVED
KAIDA-P0774,Баранина для бешбармака,Бесбармаққа арналған қой еті,PRODUCT,MEAT_LAMB,Мясо / Баранина и козлятина,Ет / Қой және ешкі еті,LEGACY_APPROVED
KAIDA-P0775,Говядина для плова,Палауға арналған сиыр еті,PRODUCT,MEAT_BEEF,Мясо / Говядина,Ет / Сиыр еті,LEGACY_APPROVED
KAIDA-P0776,Баранина для плова,Палауға арналған қой еті,PRODUCT,MEAT_LAMB,Мясо / Баранина и козлятина,Ет / Қой және ешкі еті,LEGACY_APPROVED
KAIDA-P0777,Говядина для шашлыка,Кәуапқа арналған сиыр еті,PRODUCT,MEAT_BEEF,Мясо / Говядина,Ет / Сиыр еті,LEGACY_APPROVED
KAIDA-P0778,Баранина для шашлыка,Кәуапқа арналған қой еті,PRODUCT,MEAT_LAMB,Мясо / Баранина и козлятина,Ет / Қой және ешкі еті,LEGACY_APPROVED
KAIDA-P0779,Курица для шашлыка,Кәуапқа арналған тауық еті,PRODUCT,POULTRY,Птица,Құс еті,LEGACY_APPROVED
KAIDA-P0780,Филе скумбрии,Скумбрия сүбесі,PRODUCT,FISH_PROCESSED,Рыба / Икра и рыбные продукты,Балық / Уылдырық және балық өнімдері,LEGACY_APPROVED
KAIDA-P0781,Филе сельди,Майшабақ сүбесі,PRODUCT,FISH_PROCESSED,Рыба / Икра и рыбные продукты,Балық / Уылдырық және балық өнімдері,LEGACY_APPROVED
KAIDA-P0782,Стейк палтуса,Палтус стейкі,PRODUCT,FISH_PROCESSED,Рыба / Икра и рыбные продукты,Балық / Уылдырық және балық өнімдері,LEGACY_APPROVED
KAIDA-P0784,Филе лакедры,Лакедра сүбесі,PRODUCT,FISH_PROCESSED,Рыба / Икра и рыбные продукты,Балық / Уылдырық және балық өнімдері,LEGACY_APPROVED
KAIDA-P0785,Стейк лакедры,Лакедра стейкі,PRODUCT,FISH_PROCESSED,Рыба / Икра и рыбные продукты,Балық / Уылдырық және балық өнімдері,LEGACY_APPROVED
KAIDA-P0786,Филе дорадо,Дорадо сүбесі,PRODUCT,FISH_PROCESSED,Рыба / Икра и рыбные продукты,Балық / Уылдырық және балық өнімдері,LEGACY_APPROVED
KAIDA-P0787,Филе сибаса,Сибас сүбесі,PRODUCT,FISH_PROCESSED,Рыба / Икра и рыбные продукты,Балық / Уылдырық және балық өнімдері,LEGACY_APPROVED
